campaign_id,category,category_id,goal_amount,duration_days,profile_score,content_length,image_count,has_video,story_word_count,owner_campaign_count,owner_credential_approved,has_budget_report,early_views,early_backers,success,launch_seq
1,Giáo dục,2,77877416.81549087,67,68.09434159508862,6140,5,0.0,1101,1,0.0,1.0,310,15,0,0
2,Y tế,3,63554996.42342223,116,41.20031787519009,16230,3,0.0,1800,1,0.0,0.0,293,14,0,1
3,Công nghệ,5,180692876.3528466,14,77.00902391612914,19169,4,1.0,4193,0,0.0,0.0,293,5,1,2
4,Khởi nghiệp,1,151980334.86160284,99,80.81129432782427,17030,7,0.0,4487,0,0.0,1.0,278,6,0,3
5,Môi trường,0,31498422.707682393,68,22.979296226923275,4909,5,0.0,1875,4,0.0,0.0,309,9,0,4
6,Giáo dục,2,347593531.3910518,89,35.95640986275364,17059,6,1.0,881,1,1.0,1.0,276,7,0,5
7,Công nghệ,5,109399311.37998943,18,64.55680806334571,6537,7,1.0,362,0,0.0,0.0,302,10,1,6
8,Văn hóa,4,41641817.95189243,106,55.675148153128355,17400,4,1.0,1107,1,1.0,0.0,289,11,1,7
9,Môi trường,0,370122617.97575295,8,61.66397684991422,19832,7,1.0,246,0,0.0,0.0,310,12,0,8
10,Môi trường,0,216779614.27598682,110,44.9391214485284,14503,6,1.0,3405,0,1.0,1.0,320,4,0,9
11,Văn hóa,4,35987604.13886782,81,79.58795949725658,19124,1,0.0,3285,3,1.0,1.0,320,8,1,10
12,Văn hóa,4,500000000.0,45,77.55583870857896,3276,9,0.0,3956,1,0.0,1.0,315,9,0,11
13,Y tế,3,223709188.3278569,7,63.320613951224324,13269,3,1.0,1795,4,1.0,1.0,288,7,1,12
14,Môi trường,0,118486986.05124818,76,84.54482413936066,1512,0,1.0,4194,1,1.0,1.0,326,5,1,13
15,Khởi nghiệp,1,500000000.0,16,71.35018684504091,13218,2,1.0,1014,1,1.0,1.0,310,9,0,14
16,Công nghệ,5,139187554.51367193,76,44.81415074233524,7144,2,0.0,1309,2,0.0,0.0,314,10,1,15
17,Môi trường,0,116490592.73468755,95,69.37501568164998,19413,5,0.0,4596,0,0.0,1.0,305,8,1,16
18,Khởi nghiệp,1,63892650.03330307,37,42.82234798342002,10153,4,0.0,4434,2,1.0,1.0,284,7,1,17
19,Giáo dục,2,207939538.96168828,34,79.56900602614544,15367,4,0.0,3074,1,0.0,1.0,324,6,1,18
20,Văn hóa,4,188154279.32362065,32,61.00148178027494,6401,7,0.0,3125,4,1.0,0.0,307,10,1,19
21,Văn hóa,4,121320472.19177343,32,58.30275272909479,1959,6,1.0,3563,3,0.0,0.0,334,12,1,20
22,Y tế,3,56486541.47875542,19,48.38140911192117,14973,6,0.0,4151,0,1.0,1.0,295,9,0,21
23,Giáo dục,2,135357957.1129688,35,86.4508267734806,4823,6,0.0,1310,3,0.0,0.0,335,6,1,22
24,Giáo dục,2,111964358.79002653,82,58.90941035862396,14587,7,0.0,528,1,0.0,0.0,278,11,0,23
25,Môi trường,0,33706437.37810937,41,53.433443556737856,9560,0,0.0,1088,0,1.0,1.0,313,9,1,24
26,Khởi nghiệp,1,29555436.648837477,96,54.95732899023541,19452,4,1.0,1913,2,1.0,0.0,313,8,0,25
27,Khởi nghiệp,1,204667180.87716228,100,72.64618371106698,7375,0,0.0,1331,1,1.0,0.0,290,9,0,26
28,Môi trường,0,10101617.33026214,93,69.30888128728157,8311,5,0.0,2719,4,1.0,0.0,294,7,1,27
29,Văn hóa,4,145420485.0386052,68,70.25465223191976,14940,5,0.0,862,2,0.0,0.0,290,5,0,28
30,Giáo dục,2,75967873.75514482,43,70.61642006015765,15821,8,0.0,2969,2,0.0,1.0,314,3,0,29
31,Y tế,3,414603946.4178893,113,100.0,2952,9,0.0,3610,3,0.0,1.0,301,8,0,30
32,Khởi nghiệp,1,74865610.28324106,30,53.871699672307685,14953,6,1.0,675,3,1.0,1.0,329,5,1,31
33,Y tế,3,223855207.01035064,59,51.755145418569256,10083,3,1.0,1578,2,0.0,1.0,286,9,1,32
34,Môi trường,0,82057587.95115544,58,45.724545435042444,19780,6,0.0,2785,3,1.0,1.0,292,13,1,33
35,Văn hóa,4,133293063.33685602,91,74.31958845150992,12805,3,0.0,517,2,0.0,0.0,290,13,0,34
36,Văn hóa,4,240924630.10148802,69,84.57944585441783,15585,5,0.0,3394,1,0.0,1.0,260,3,0,35
37,Khởi nghiệp,1,77096779.67412433,98,59.7210508469025,7206,8,0.0,3817,3,0.0,0.0,313,6,1,36
38,Khởi nghiệp,1,308344166.3419758,111,45.19687046074944,6029,3,0.0,1935,1,0.0,0.0,311,8,0,37
39,Văn hóa,4,46547647.192574196,51,45.51037568617521,15808,7,1.0,243,1,0.0,1.0,303,11,1,38
40,Khởi nghiệp,1,158277946.48052302,106,75.01185575649401,797,7,0.0,2603,4,1.0,1.0,341,6,1,39
41,Khởi nghiệp,1,287435123.8743976,26,76.86508342406884,11818,2,1.0,4371,4,0.0,0.0,309,6,1,40
42,Giáo dục,2,223972899.292983,111,72.8630853661039,19379,8,0.0,1604,1,1.0,1.0,295,13,1,41
43,Công nghệ,5,500000000.0,27,48.689805854226115,19827,7,1.0,4276,0,1.0,0.0,311,10,0,42
44,Giáo dục,2,57929229.8536956,103,66.6432264613344,14463,5,0.0,4378,4,1.0,0.0,311,7,1,43
45,Khởi nghiệp,1,32275152.22610214,51,64.33371618281457,10197,3,0.0,1547,2,1.0,0.0,305,9,1,44
46,Y tế,3,46519477.179307036,116,66.37377193458026,16345,2,0.0,3076,2,0.0,0.0,311,9,1,45
47,Giáo dục,2,224059105.35847482,21,79.4285755589638,785,3,1.0,402,1,0.0,0.0,296,9,0,46
48,Y tế,3,192004004.69402412,60,66.47191097549364,15968,7,0.0,2846,2,0.0,0.0,303,9,0,47
49,Giáo dục,2,131845827.79162315,109,75.57827126143789,4204,2,0.0,4421,1,1.0,0.0,283,16,0,48
50,Y tế,3,41168781.78134394,12,63.35158138977783,14847,6,0.0,4732,0,1.0,0.0,291,8,0,49
51,Giáo dục,2,247897008.27586997,37,67.78238797379969,7286,1,0.0,1158,1,0.0,1.0,332,5,0,50
52,Giáo dục,2,37375667.95540649,16,74.6257645167708,15153,4,0.0,3391,2,0.0,1.0,301,7,1,51
53,Giáo dục,2,359779572.49499375,43,32.85688360288667,12264,5,0.0,516,1,1.0,1.0,308,6,1,52
54,Giáo dục,2,500000000.0,51,55.60657567285397,18624,12,0.0,1543,3,1.0,0.0,274,6,1,53
55,Công nghệ,5,169460189.88145664,77,52.592546914144094,15854,1,0.0,4209,3,1.0,1.0,340,6,1,54
56,Khởi nghiệp,1,208188136.00476602,36,49.22244303513316,18325,9,1.0,3280,3,1.0,1.0,304,10,1,55
57,Văn hóa,4,74908896.48083852,25,56.49715497546632,3449,5,1.0,2081,1,1.0,0.0,259,10,1,56
58,Văn hóa,4,21429892.368476044,26,91.89882622468792,7894,6,0.0,4815,2,1.0,0.0,313,9,1,57
59,Y tế,3,67485046.98278785,113,44.68337768613513,9029,5,0.0,3841,1,0.0,0.0,282,8,0,58
60,Khởi nghiệp,1,42361458.99920447,115,81.36556709182962,1103,6,0.0,313,0,0.0,0.0,302,10,1,59
61,Giáo dục,2,30260253.763882715,32,28.342604567683907,944,5,0.0,583,2,1.0,0.0,298,7,0,60
62,Công nghệ,5,500000000.0,29,55.302299400284504,1254,9,0.0,3207,1,1.0,0.0,313,11,0,61
63,Khởi nghiệp,1,155043982.41133896,13,65.25506130210012,15460,4,0.0,4408,5,0.0,0.0,286,6,0,62
64,Y tế,3,171604540.0066359,116,73.72444662718556,9209,8,0.0,952,4,1.0,1.0,310,12,1,63
65,Văn hóa,4,89203314.33336118,87,76.2245315958571,15158,3,1.0,2783,2,0.0,0.0,288,5,1,64
66,Y tế,3,101520618.28998433,93,77.8669447039985,16782,5,0.0,4119,2,1.0,0.0,305,11,1,65
67,Môi trường,0,299110356.3753748,40,55.02549855503125,1204,2,1.0,4339,1,0.0,1.0,280,10,0,66
68,Y tế,3,116020764.48583663,80,52.752964146708656,17028,6,0.0,3275,0,1.0,0.0,287,8,1,67
69,Khởi nghiệp,1,198075581.61004466,13,79.15951762514308,4900,9,0.0,4999,0,1.0,0.0,295,10,1,68
70,Công nghệ,5,99313881.92180178,84,58.173913502367704,8385,5,0.0,4697,0,0.0,0.0,311,4,0,69
71,Giáo dục,2,86439452.3353211,73,36.48627353324156,19277,4,1.0,4203,1,0.0,0.0,284,9,0,70
72,Giáo dục,2,31434970.541613128,44,39.33425571993038,6381,2,1.0,3413,0,1.0,0.0,306,12,0,71
73,Công nghệ,5,18276714.771631386,87,43.61095427996777,18827,4,0.0,4929,0,0.0,0.0,272,9,0,72
74,Giáo dục,2,93317311.38402526,80,71.94321488107528,10378,0,0.0,282,1,0.0,0.0,315,8,0,73
75,Khởi nghiệp,1,126237026.11498713,57,64.8485147214113,760,2,0.0,629,1,1.0,1.0,297,4,1,74
76,Công nghệ,5,35257064.02883347,28,75.80970708135537,16734,6,0.0,2649,0,0.0,1.0,300,9,0,75
77,Y tế,3,115785381.76495135,9,53.45494707326932,1364,9,0.0,3420,1,0.0,0.0,305,6,0,76
78,Y tế,3,125908364.5483938,113,65.17079382153429,12911,13,0.0,4537,4,0.0,0.0,286,6,1,77
79,Môi trường,0,15429508.869438952,39,74.51180787934673,9438,3,0.0,3456,2,1.0,0.0,304,9,0,78
80,Giáo dục,2,50155140.694740094,41,55.813069205595234,3226,9,1.0,1315,0,0.0,1.0,347,8,1,79
81,Giáo dục,2,176159553.9828315,84,71.13550475114823,10534,6,0.0,4561,1,0.0,1.0,328,6,0,80
82,Khởi nghiệp,1,172810433.7356347,36,48.761481178666976,7563,5,0.0,597,1,0.0,0.0,312,8,0,81
83,Y tế,3,39984755.59931592,49,54.73892306869857,2421,6,0.0,655,0,0.0,0.0,312,8,1,82
84,Khởi nghiệp,1,139075241.16309044,88,54.365242120033415,11330,5,0.0,3655,0,0.0,0.0,315,8,1,83
85,Giáo dục,2,316010773.426685,74,38.08320708821921,1355,5,0.0,4824,3,0.0,1.0,321,8,0,84
86,Văn hóa,4,250312153.52128196,81,71.73944961571164,10996,4,1.0,2612,1,0.0,1.0,308,9,1,85
87,Văn hóa,4,109285961.22813158,7,52.611953195945524,4907,1,1.0,847,0,0.0,0.0,295,15,0,86
88,Khởi nghiệp,1,76700785.10555868,58,62.24988237455375,16697,0,0.0,428,1,1.0,0.0,307,8,0,87
89,Khởi nghiệp,1,65799496.20993187,61,71.61493317811818,19030,7,1.0,4901,1,0.0,0.0,315,10,1,88
90,Môi trường,0,186590847.00684142,79,70.93062352059889,18677,4,0.0,1543,0,0.0,1.0,317,10,1,89
91,Giáo dục,2,144003588.08484945,24,75.30770217945573,18784,3,0.0,3268,1,1.0,1.0,285,6,0,90
92,Môi trường,0,217548811.89006066,25,60.03029030981153,2459,5,0.0,1768,3,1.0,0.0,311,6,1,91
93,Môi trường,0,135608161.873283,93,53.53403375911692,10440,7,0.0,1229,2,1.0,0.0,285,16,0,92
94,Công nghệ,5,260425073.6990571,83,60.40563578187202,4875,6,0.0,3405,5,0.0,0.0,315,5,1,93
95,Công nghệ,5,130889355.04660015,99,28.2533113208394,2385,3,1.0,3747,3,0.0,0.0,305,8,0,94
96,Y tế,3,252129721.3587533,37,33.057750551538255,8147,9,0.0,2463,4,0.0,1.0,272,11,1,95
97,Văn hóa,4,273628425.2704097,120,35.546007752911954,8871,10,1.0,2635,6,0.0,0.0,286,5,1,96
98,Giáo dục,2,55711642.31542126,38,42.05506344797037,6279,6,1.0,2538,2,0.0,1.0,323,11,1,97
99,Y tế,3,21472060.910122056,81,69.99548453446873,2726,8,1.0,3038,1,1.0,0.0,305,10,1,98
100,Công nghệ,5,500000000.0,25,43.890418892798785,8461,9,0.0,4071,3,0.0,0.0,314,6,0,99
101,Môi trường,0,152675573.616805,111,54.43674891921221,3529,8,1.0,3612,0,1.0,0.0,297,5,1,100
102,Giáo dục,2,23470113.394440163,44,87.98456595572131,1294,7,0.0,1536,1,0.0,0.0,294,13,0,101
103,Môi trường,0,60725330.635755695,98,54.87472057877148,9300,7,0.0,1385,0,0.0,0.0,307,9,1,102
104,Văn hóa,4,249078976.2292071,44,76.75031136934173,1787,7,0.0,3428,2,1.0,1.0,296,11,1,103
105,Văn hóa,4,91725135.95655905,97,43.32764639980246,19336,2,1.0,3297,0,1.0,0.0,308,5,0,104
106,Văn hóa,4,73554828.46849695,58,57.8912488426474,16848,7,0.0,1964,0,0.0,0.0,290,7,0,105
107,Y tế,3,452744165.25344884,14,42.999558901788376,18554,1,0.0,4225,2,1.0,0.0,290,9,0,106
108,Giáo dục,2,44237226.05126098,28,55.21933848198875,2500,3,1.0,2208,1,0.0,0.0,298,8,0,107
109,Môi trường,0,56049977.72856307,84,78.80616274914792,9567,9,0.0,1812,0,0.0,1.0,296,7,1,108
110,Văn hóa,4,146248406.9395453,29,27.453591536153027,16569,8,1.0,2868,0,1.0,1.0,296,7,0,109
111,Công nghệ,5,173368888.43992203,38,70.68847287091715,11722,9,0.0,1125,0,0.0,0.0,321,6,0,110
112,Công nghệ,5,191716041.09342647,68,66.75471204664555,6476,4,0.0,3539,0,0.0,1.0,308,5,0,111
113,Giáo dục,2,284338543.9465495,35,50.11700088606411,16715,2,0.0,4505,2,0.0,1.0,314,7,0,112
114,Khởi nghiệp,1,144479717.11053094,21,33.07884291223091,6529,4,0.0,4736,2,0.0,1.0,302,8,1,113
115,Y tế,3,190452759.85048738,78,63.44259015427739,19489,5,0.0,2344,3,0.0,0.0,318,9,1,114
116,Môi trường,0,93526109.72299975,85,51.41014581872395,2464,5,0.0,1491,2,0.0,0.0,306,7,1,115
117,Môi trường,0,126982950.58832724,90,66.65352422709408,14266,8,0.0,2499,3,1.0,0.0,317,11,1,116
118,Văn hóa,4,132508515.73864359,114,62.43704291046886,758,4,1.0,697,2,1.0,1.0,297,5,1,117
119,Công nghệ,5,146765000.4297866,21,94.03557782641832,18328,6,1.0,3405,2,0.0,1.0,287,5,0,118
120,Giáo dục,2,249236503.57696912,55,57.21288745053951,7428,2,0.0,2258,3,0.0,0.0,299,6,1,119
121,Y tế,3,202730566.71288544,33,41.530050147562704,897,6,0.0,785,3,1.0,0.0,292,2,0,120
122,Y tế,3,124772938.66355795,109,65.58551269912633,16789,5,0.0,2824,2,0.0,1.0,322,5,0,121
123,Môi trường,0,55468747.627709866,68,66.3999336794353,19365,3,1.0,3649,3,1.0,1.0,300,2,1,122
124,Khởi nghiệp,1,127584276.34677854,18,89.18375150480873,18439,4,1.0,1294,0,1.0,0.0,317,10,1,123
125,Khởi nghiệp,1,116497818.36908264,85,78.70222491829156,9971,4,0.0,2143,1,0.0,1.0,294,8,0,124
126,Công nghệ,5,143740838.1242182,11,69.13742118299018,1700,4,0.0,4474,1,0.0,0.0,292,6,1,125
127,Giáo dục,2,500000000.0,38,91.26605782439124,4941,10,1.0,3607,3,0.0,0.0,305,11,0,126
128,Văn hóa,4,72741008.39162324,89,38.22473891354298,1102,5,1.0,4034,4,0.0,0.0,321,5,0,127
129,Khởi nghiệp,1,178692063.7588809,64,49.20496934500505,1363,4,0.0,2358,0,0.0,1.0,307,9,0,128
130,Công nghệ,5,330143829.31554526,93,43.4684811718895,3596,0,1.0,2569,3,1.0,1.0,285,10,0,129
131,Công nghệ,5,131313981.45299163,72,54.20380393688464,11481,2,0.0,2585,0,0.0,0.0,292,13,0,130
132,Giáo dục,2,500000000.0,103,34.46627704887382,15442,4,0.0,2360,0,1.0,0.0,277,5,0,131
133,Khởi nghiệp,1,83542218.50280966,71,74.70301893628809,11904,3,1.0,892,1,1.0,0.0,287,16,1,132
134,Công nghệ,5,162775866.63542646,13,57.55554605802453,4495,9,0.0,395,1,0.0,0.0,317,11,0,133
135,Văn hóa,4,56015250.52074146,15,32.58387410994684,12234,5,0.0,4194,0,0.0,0.0,312,7,0,134
136,Y tế,3,85673275.88413198,95,41.68841837584917,5000,9,1.0,2777,2,0.0,0.0,303,10,1,135
137,Khởi nghiệp,1,151559252.92655292,11,68.2702769490039,9491,5,1.0,2756,2,1.0,0.0,294,8,1,136
138,Y tế,3,267328516.5726585,49,78.76253135788762,17834,5,0.0,3059,3,0.0,0.0,311,6,0,137
139,Giáo dục,2,162005378.3476472,8,100.0,3123,5,0.0,2179,1,1.0,0.0,273,6,1,138
140,Văn hóa,4,395696913.7547714,41,100.0,17561,5,1.0,4479,1,1.0,1.0,298,8,1,139
141,Văn hóa,4,109319238.68864056,74,70.28818866551993,5784,10,0.0,2455,1,1.0,0.0,309,5,1,140
142,Giáo dục,2,87263243.60115081,26,42.209237599362716,13570,0,1.0,2605,4,1.0,1.0,294,8,1,141
143,Môi trường,0,500000000.0,60,19.359074385373816,5594,0,1.0,2750,0,1.0,1.0,297,9,0,142
144,Y tế,3,173993024.44348264,120,67.35422924687671,3698,3,0.0,955,0,1.0,0.0,285,8,0,143
145,Công nghệ,5,60399569.25382226,15,45.74117809379348,9282,5,0.0,1032,1,1.0,0.0,310,6,0,144
146,Khởi nghiệp,1,61864027.25687167,14,53.692854796406294,7932,7,1.0,1064,0,1.0,0.0,286,11,1,145
147,Công nghệ,5,48859240.594531946,37,49.758064018803836,10395,6,1.0,1419,1,1.0,0.0,316,4,1,146
148,Giáo dục,2,291264075.06034386,101,59.18418227167229,5105,4,0.0,967,1,1.0,0.0,291,7,1,147
149,Văn hóa,4,84633571.47025517,53,83.31960461575287,19577,8,0.0,1275,0,0.0,0.0,309,8,0,148
150,Văn hóa,4,135028220.03768912,79,65.14097134890689,13600,8,1.0,4704,1,1.0,0.0,297,8,1,149
151,Khởi nghiệp,1,112635416.64883304,10,58.827303259226234,16891,6,0.0,1931,2,1.0,0.0,290,7,1,150
152,Môi trường,0,239704575.47065267,90,41.28692494348377,15708,8,0.0,4008,1,1.0,0.0,265,10,0,151
153,Công nghệ,5,53521452.44418023,14,28.50634110591286,14621,6,1.0,2087,0,0.0,1.0,285,5,0,152
154,Văn hóa,4,43064361.26287937,88,52.273841818533384,3271,3,1.0,4158,1,1.0,0.0,329,10,1,153
155,Y tế,3,148053231.86471504,23,60.92434898363359,11967,7,1.0,3814,1,1.0,0.0,304,4,1,154
156,Khởi nghiệp,1,211748820.33735844,104,97.35859827159766,18010,5,1.0,4234,0,1.0,1.0,332,10,1,155
157,Môi trường,0,164086731.63729647,40,64.60549042945772,2374,5,0.0,1584,2,0.0,0.0,309,9,0,156
158,Khởi nghiệp,1,55451479.736091234,27,81.65479022046115,9525,9,1.0,659,0,1.0,1.0,284,9,1,157
159,Y tế,3,227716182.9756127,45,52.01408802921696,4094,0,0.0,1678,3,1.0,0.0,291,5,0,158
160,Văn hóa,4,59016765.30750511,7,38.30112467165951,16002,1,0.0,3570,2,1.0,0.0,296,12,1,159
161,Khởi nghiệp,1,72895559.83078387,25,42.69766475535256,18661,1,1.0,3340,3,1.0,1.0,286,11,0,160
162,Khởi nghiệp,1,48800160.09796991,75,47.49547870928494,1506,4,1.0,3580,0,1.0,0.0,317,7,0,161
163,Khởi nghiệp,1,411821446.55124176,41,100.0,16126,4,1.0,4968,1,1.0,0.0,283,5,0,162
164,Công nghệ,5,218380707.8637111,47,45.572266415512274,7531,0,0.0,1279,0,0.0,1.0,306,7,0,163
165,Y tế,3,212561880.62847635,99,78.7697840747269,19296,2,1.0,2332,0,1.0,1.0,288,9,0,164
166,Công nghệ,5,391247476.54998165,21,43.94145643825947,788,2,0.0,2555,3,0.0,1.0,303,12,1,165
167,Môi trường,0,500000000.0,52,80.63146025748489,4233,12,1.0,916,4,1.0,0.0,335,12,0,166
168,Giáo dục,2,23587682.3940307,28,69.69901932211727,14510,10,1.0,3379,0,1.0,0.0,315,5,1,167
169,Giáo dục,2,59325052.67354277,62,58.86724204683819,15679,4,0.0,434,0,0.0,1.0,263,9,1,168
170,Giáo dục,2,66627880.23328395,44,61.18474947729132,2049,4,1.0,4507,1,0.0,0.0,312,7,1,169
171,Giáo dục,2,53314631.23752279,12,48.90424609141219,3621,2,0.0,624,2,0.0,0.0,281,10,1,170
172,Môi trường,0,42982169.066126086,15,70.9214440296416,7096,0,1.0,730,0,1.0,1.0,305,6,1,171
173,Môi trường,0,90000842.48070091,104,52.9003303931844,1179,5,1.0,1033,0,1.0,0.0,303,8,0,172
174,Văn hóa,4,37664421.139844164,13,37.48788472465503,15744,2,1.0,4482,2,0.0,0.0,313,12,0,173
175,Giáo dục,2,164478471.81181866,96,36.44124851360762,13558,5,0.0,4335,0,1.0,0.0,304,7,0,174
176,Môi trường,0,125662890.26577811,111,65.45175835444239,15104,0,0.0,4627,0,0.0,0.0,284,7,1,175
177,Giáo dục,2,188947022.8829832,60,93.58182512820869,9657,3,1.0,4199,1,1.0,1.0,317,5,1,176
178,Công nghệ,5,193800924.74514717,42,65.19983227146876,12985,5,1.0,4633,2,0.0,1.0,264,9,0,177
179,Giáo dục,2,212161112.95048365,95,59.62723347780235,11669,6,1.0,2462,1,0.0,0.0,275,10,0,178
180,Công nghệ,5,83910516.5659039,118,67.71652279205085,14033,6,0.0,223,1,0.0,0.0,321,7,1,179
181,Môi trường,0,500000000.0,20,88.1200348341365,9286,1,0.0,2302,3,1.0,0.0,322,11,1,180
182,Môi trường,0,149485440.88348407,116,66.38765002727713,13199,8,1.0,1260,2,0.0,0.0,313,10,1,181
183,Y tế,3,20391719.81519965,114,53.78145538332526,13084,3,1.0,1374,0,1.0,0.0,265,10,0,182
184,Văn hóa,4,46165486.96637186,23,84.12577420119777,13004,7,0.0,3517,1,0.0,1.0,284,10,1,183
185,Công nghệ,5,22897130.624271348,13,70.57512876923226,17513,5,0.0,1000,2,0.0,0.0,283,5,0,184
186,Giáo dục,2,121626799.96885271,88,92.71511983991984,7318,1,0.0,1744,4,0.0,0.0,289,7,0,185
187,Khởi nghiệp,1,106567062.22020859,15,65.66468874443812,17638,4,0.0,2084,2,0.0,1.0,278,7,0,186
188,Y tế,3,76668047.35193741,75,37.510619365589996,1049,6,0.0,493,3,1.0,0.0,291,8,0,187
189,Khởi nghiệp,1,500000000.0,14,34.6368160150867,9980,7,0.0,3566,0,0.0,1.0,290,7,0,188
190,Khởi nghiệp,1,201547114.39819106,85,95.01855864462499,9115,5,0.0,3862,0,1.0,0.0,303,5,1,189
191,Môi trường,0,238479388.54758626,33,96.47331441566594,17427,10,1.0,2880,1,0.0,0.0,298,7,1,190
192,Văn hóa,4,49400948.70137408,17,58.40961573434799,1386,8,1.0,337,1,0.0,1.0,303,7,1,191
193,Y tế,3,46307400.91393506,14,54.336253577280246,4726,4,1.0,3977,0,0.0,0.0,296,10,0,192
194,Môi trường,0,123897506.8526292,28,91.22888584484404,9642,7,0.0,2340,3,0.0,0.0,267,13,0,193
195,Y tế,3,141012173.66562647,68,39.859086359130245,16401,11,0.0,1478,3,1.0,0.0,284,7,1,194
196,Công nghệ,5,20511658.94034999,15,44.10545962088347,9549,11,0.0,4748,1,1.0,1.0,280,7,1,195
197,Văn hóa,4,100805989.17881425,98,74.86653589378089,12959,1,0.0,4325,2,0.0,0.0,299,15,0,196
198,Giáo dục,2,121250411.1531379,75,54.10789754280821,3985,2,0.0,2313,2,1.0,0.0,291,9,1,197
199,Môi trường,0,97523925.19854411,40,61.89756266559857,18894,9,1.0,2327,2,1.0,1.0,324,6,0,198
200,Y tế,3,55244486.8725282,119,58.73114202950975,15793,2,1.0,4577,0,1.0,1.0,286,11,1,199
201,Y tế,3,71659878.70364533,82,68.75149097597867,1338,1,1.0,1117,1,1.0,0.0,307,10,1,200
202,Công nghệ,5,101136714.26658456,83,90.14963722627434,14232,4,0.0,2163,1,1.0,0.0,318,9,1,201
203,Y tế,3,130418624.40233283,26,63.81169813803491,3023,6,0.0,2937,2,1.0,0.0,291,6,1,202
204,Văn hóa,4,212521135.68356732,88,74.87877586553716,11411,5,0.0,1864,0,1.0,0.0,298,7,1,203
205,Y tế,3,334054060.19116104,70,20.996557979379546,14314,3,0.0,1715,0,0.0,0.0,314,4,0,204
206,Y tế,3,90455598.38094585,119,61.02563196139764,18555,3,1.0,715,0,1.0,0.0,311,17,1,205
207,Khởi nghiệp,1,77566920.62701994,61,45.13539459414258,1874,3,0.0,1480,1,0.0,0.0,293,4,0,206
208,Giáo dục,2,181319801.60351267,84,37.623738791527444,6100,2,1.0,1918,1,1.0,0.0,287,9,0,207
209,Khởi nghiệp,1,213746794.80199096,45,44.43695266142498,13962,12,0.0,4219,4,1.0,1.0,286,9,0,208
210,Giáo dục,2,79201800.3647196,11,55.31753118598376,5609,6,1.0,1817,2,0.0,0.0,323,6,0,209
211,Công nghệ,5,253499853.50805852,21,80.31805084712026,14395,8,1.0,973,1,1.0,1.0,296,10,1,210
212,Giáo dục,2,303413182.7795762,105,35.47214564520872,4076,4,0.0,4263,1,1.0,1.0,296,11,1,211
213,Giáo dục,2,408132380.75463974,91,62.61262985188835,3689,4,1.0,1888,3,0.0,0.0,304,5,0,212
214,Công nghệ,5,500000000.0,48,52.31661133332843,11116,3,0.0,4615,0,1.0,1.0,300,7,1,213
215,Môi trường,0,52530508.24824701,86,55.446538112760784,13937,0,1.0,723,1,1.0,1.0,311,7,0,214
216,Khởi nghiệp,1,121230384.68075088,7,82.05515650609209,4504,1,1.0,305,0,1.0,0.0,292,6,1,215
217,Giáo dục,2,120928958.55850138,11,72.76230874007852,17542,0,1.0,4624,3,0.0,1.0,297,7,0,216
218,Giáo dục,2,108996912.04111789,64,88.74796214885487,17443,0,1.0,671,2,0.0,0.0,299,9,1,217
219,Giáo dục,2,64566110.53449023,78,58.90988641500199,2083,1,0.0,241,0,1.0,1.0,284,9,0,218
220,Văn hóa,4,29171888.967035,113,48.08114776658594,6434,9,1.0,3287,1,0.0,0.0,334,9,0,219
221,Giáo dục,2,130651688.50494456,93,57.52282366239001,11344,5,1.0,1722,2,0.0,0.0,312,9,0,220
222,Giáo dục,2,57659300.77612031,36,66.84993582542444,10073,9,0.0,2526,1,0.0,0.0,277,8,1,221
223,Giáo dục,2,129824462.39781201,99,65.53146716907422,5472,6,0.0,2160,0,0.0,1.0,326,10,1,222
224,Công nghệ,5,56269242.83465914,63,40.31223855533267,10825,7,1.0,1625,0,1.0,0.0,312,10,1,223
225,Công nghệ,5,42090161.23451909,101,63.80979563255748,19274,2,0.0,2509,2,1.0,0.0,306,12,0,224
226,Khởi nghiệp,1,149466589.22260898,26,66.5645666027781,6499,7,0.0,1447,1,1.0,0.0,306,10,0,225
227,Môi trường,0,138084372.39545485,9,100.0,4770,7,1.0,1278,0,1.0,0.0,280,3,1,226
228,Môi trường,0,207432775.72912714,13,99.53689222563341,14899,3,1.0,1278,0,0.0,1.0,303,7,0,227
229,Giáo dục,2,500000000.0,119,44.9351329888236,11628,7,0.0,768,1,0.0,1.0,296,6,0,228
230,Y tế,3,155697418.1800408,16,56.252332769016476,13995,7,0.0,2722,1,0.0,0.0,299,10,0,229
231,Môi trường,0,189675955.8738412,114,32.73115996325994,13104,3,0.0,2832,1,0.0,0.0,278,4,0,230
232,Y tế,3,42983064.08453599,89,50.18585972073027,15335,2,1.0,283,2,0.0,0.0,307,5,0,231
233,Giáo dục,2,35231035.11393199,23,68.31210007180681,14720,1,0.0,2405,2,0.0,0.0,310,10,0,232
234,Công nghệ,5,500000000.0,105,86.11707241776467,12315,5,0.0,3746,2,0.0,1.0,314,3,0,233
235,Y tế,3,49758616.82399227,23,47.41832324512783,9362,6,1.0,206,2,0.0,1.0,309,15,1,234
236,Giáo dục,2,44377943.3291657,23,48.91707119864407,9473,3,1.0,1641,1,1.0,0.0,268,7,0,235
237,Y tế,3,115277869.09065218,72,19.054219405226902,5674,5,1.0,4812,0,1.0,0.0,283,8,0,236
238,Môi trường,0,109816045.17587939,39,58.74668158910185,9253,7,0.0,2248,0,1.0,0.0,307,9,0,237
239,Giáo dục,2,50759980.613156356,40,40.75171176280874,12297,7,1.0,279,0,1.0,0.0,295,9,0,238
240,Khởi nghiệp,1,89547112.57410416,29,51.41121145267853,14472,10,0.0,2729,1,1.0,0.0,311,2,0,239
241,Khởi nghiệp,1,384674058.26285434,76,44.462784436648235,15571,9,0.0,2171,0,0.0,1.0,291,4,0,240
242,Giáo dục,2,55634054.993910864,10,60.11474891494886,7852,2,1.0,1214,1,1.0,0.0,293,8,1,241
243,Y tế,3,31832907.50388717,34,26.845432172867376,14792,10,1.0,552,0,0.0,1.0,305,7,0,242
244,Y tế,3,292935773.49227834,70,32.65909509218019,9026,3,0.0,4441,0,0.0,0.0,277,1,0,243
245,Công nghệ,5,190980534.335058,62,100.0,7487,8,1.0,4101,3,0.0,0.0,346,10,1,244
246,Khởi nghiệp,1,66353516.08855988,86,36.25154837451938,3691,5,0.0,3474,0,0.0,0.0,298,7,0,245
247,Văn hóa,4,26613823.911542702,31,40.06428843090721,5684,4,0.0,284,0,0.0,0.0,291,10,0,246
248,Y tế,3,58974034.47659653,80,98.73827056642628,13752,0,0.0,4377,0,1.0,0.0,286,5,1,247
249,Công nghệ,5,113581452.99048857,93,100.0,4720,4,0.0,2471,2,1.0,0.0,308,6,1,248
250,Công nghệ,5,362084614.9345792,51,38.56866742349317,2000,0,1.0,2482,3,1.0,1.0,306,5,1,249
251,Văn hóa,4,44689410.22836147,36,54.63502086423939,5803,8,1.0,4412,1,1.0,0.0,306,7,0,250
252,Giáo dục,2,110409430.8543439,70,68.83111101881019,19814,10,1.0,2275,1,1.0,1.0,307,7,0,251
253,Y tế,3,227210492.81288248,72,96.57395288811185,3420,3,0.0,1333,3,0.0,1.0,292,9,0,252
254,Y tế,3,12457034.319280937,17,42.26285843143525,3302,6,0.0,1338,0,1.0,0.0,294,15,0,253
255,Văn hóa,4,319445379.0388166,71,57.094443081157806,8361,3,0.0,4648,4,1.0,0.0,276,8,0,254
256,Khởi nghiệp,1,38906502.59344377,24,77.54675152123488,7968,3,1.0,2815,5,0.0,0.0,285,5,1,255
257,Công nghệ,5,164003072.24005735,71,70.69532148933237,18445,7,0.0,2978,0,0.0,0.0,307,6,0,256
258,Văn hóa,4,151235531.701866,113,54.47687857539802,5136,5,0.0,3047,1,1.0,1.0,288,10,0,257
259,Môi trường,0,335239939.8900231,68,59.32354070967918,8636,10,1.0,1258,0,1.0,1.0,284,8,1,258
260,Khởi nghiệp,1,201919197.2750452,93,34.50208383260036,6167,4,1.0,2215,1,0.0,0.0,296,11,0,259
261,Khởi nghiệp,1,12504186.0830751,42,57.2365251205067,5372,8,0.0,4767,1,1.0,0.0,276,2,1,260
262,Y tế,3,56766658.619254395,112,56.672250199820894,6787,5,0.0,897,2,0.0,1.0,310,8,0,261
263,Khởi nghiệp,1,136426269.01065823,99,66.64339779252512,5513,7,1.0,4766,1,0.0,1.0,315,5,1,262
264,Khởi nghiệp,1,99410580.35706282,111,50.89345562361968,14507,4,0.0,1510,0,0.0,0.0,303,8,0,263
265,Khởi nghiệp,1,188334499.6525698,91,71.43077045090278,15907,5,0.0,1619,1,0.0,1.0,296,6,1,264
266,Môi trường,0,253252665.9243982,81,82.25431635639657,3946,5,1.0,268,2,1.0,0.0,293,6,1,265
267,Giáo dục,2,213261388.97839558,66,65.10858655336932,10170,2,0.0,3385,0,0.0,0.0,315,8,0,266
268,Khởi nghiệp,1,97604953.63704355,112,69.03512816798407,5645,7,0.0,1731,0,1.0,0.0,281,7,0,267
269,Y tế,3,20706947.696531918,103,63.063106951557344,17417,7,0.0,2405,4,0.0,0.0,301,7,0,268
270,Khởi nghiệp,1,77616672.47731237,54,62.00168786182828,2473,7,0.0,2987,0,1.0,1.0,290,11,1,269
271,Khởi nghiệp,1,177689773.23407722,16,47.56883932914305,8478,10,0.0,3244,1,1.0,0.0,273,9,0,270
272,Công nghệ,5,42460088.98936049,7,68.32988523346616,6963,9,0.0,4787,1,1.0,0.0,320,5,1,271
273,Văn hóa,4,217935780.7447782,33,60.05426803173021,7587,4,0.0,2867,2,1.0,0.0,289,11,0,272
274,Khởi nghiệp,1,283571153.6132437,14,100.0,18854,6,0.0,1053,4,1.0,0.0,270,8,1,273
275,Môi trường,0,134964673.9183538,31,93.46709804950484,11044,3,1.0,3576,2,1.0,0.0,295,11,1,274
276,Công nghệ,5,6513640.84217418,19,69.71693105113002,7912,5,1.0,466,0,1.0,0.0,313,6,0,275
277,Văn hóa,4,35527445.03813438,118,46.73885580610465,16255,3,0.0,4249,0,1.0,1.0,278,12,0,276
278,Giáo dục,2,500000000.0,17,39.75177056033164,15658,10,0.0,1622,1,0.0,0.0,334,4,0,277
279,Văn hóa,4,71184744.915634,78,85.82285906177731,3323,6,1.0,3666,1,0.0,1.0,320,7,1,278
280,Khởi nghiệp,1,18166030.24610926,47,67.25498450294278,9503,4,1.0,952,0,0.0,0.0,310,3,1,279
281,Giáo dục,2,386825799.39586717,26,71.60286806783222,8535,9,1.0,2152,3,0.0,1.0,305,8,0,280
282,Giáo dục,2,121167908.10994963,86,27.108280260516146,9267,0,0.0,3538,0,0.0,1.0,302,4,0,281
283,Văn hóa,4,341785349.35233736,117,80.54876963116362,7303,0,0.0,3182,4,0.0,0.0,306,5,0,282
284,Khởi nghiệp,1,155648488.11764574,97,71.08840676428726,16567,7,0.0,227,4,1.0,0.0,268,5,1,283
285,Giáo dục,2,184956492.44317672,118,39.79138631171044,19921,5,1.0,366,1,0.0,1.0,280,8,1,284
286,Công nghệ,5,168906993.20449445,74,52.569503851001016,1022,6,0.0,4908,2,1.0,0.0,277,9,1,285
287,Khởi nghiệp,1,232084919.81105644,83,67.27434408713039,17204,1,0.0,2738,0,0.0,1.0,294,7,0,286
288,Môi trường,0,500000000.0,23,63.049335967124875,17365,5,0.0,4307,2,1.0,0.0,307,4,0,287
289,Văn hóa,4,300950398.21825904,104,56.1565762839289,7629,11,0.0,548,0,0.0,0.0,310,6,0,288
290,Công nghệ,5,26660073.99045127,92,59.93023463868078,9961,7,0.0,2555,0,0.0,0.0,289,2,0,289
291,Giáo dục,2,182877747.20736098,35,56.960452435862294,2490,6,0.0,2966,1,0.0,1.0,331,12,1,290
292,Môi trường,0,353858165.9656861,47,65.05125024204938,7346,4,0.0,4620,0,1.0,0.0,265,4,0,291
293,Y tế,3,375048446.48214114,76,91.42983945986313,5145,4,1.0,3610,1,0.0,1.0,289,4,0,292
294,Khởi nghiệp,1,79775361.85745063,8,10.66683118137405,18183,0,1.0,3214,3,1.0,1.0,294,9,0,293
295,Y tế,3,361834405.922616,100,57.262994709806314,2588,6,0.0,1608,0,0.0,0.0,308,7,1,294
296,Môi trường,0,288831860.6111069,38,65.53024842744894,7127,8,1.0,4970,4,1.0,0.0,307,5,1,295
297,Văn hóa,4,500000000.0,15,67.91987979374198,9877,0,1.0,1772,0,0.0,0.0,317,6,0,296
298,Văn hóa,4,58673477.454114884,44,54.561708373574206,19565,3,0.0,1535,4,1.0,0.0,333,13,0,297
299,Y tế,3,73881236.69685268,102,26.86556435042835,16438,2,0.0,3673,0,0.0,1.0,300,9,1,298
300,Y tế,3,89449690.1496763,38,68.5599096742822,18758,2,0.0,4985,1,0.0,0.0,342,5,1,299
301,Khởi nghiệp,1,75096833.9054737,68,96.5470042832837,6548,5,0.0,4312,0,0.0,0.0,321,11,0,300
302,Công nghệ,5,51365653.52578203,99,31.322771901677246,5724,0,0.0,1065,1,0.0,1.0,311,10,0,301
303,Khởi nghiệp,1,8670684.270798681,10,79.27656027396377,11641,7,0.0,4113,2,0.0,0.0,307,8,1,302
304,Giáo dục,2,79164260.60594326,93,55.429495537542124,7141,7,0.0,1896,4,1.0,0.0,295,13,1,303
305,Công nghệ,5,169928812.39815176,39,60.773513083423055,808,4,0.0,1265,3,0.0,0.0,282,2,1,304
306,Môi trường,0,74883134.2904818,86,40.94202978592102,16337,0,0.0,4689,1,0.0,0.0,311,6,0,305
307,Môi trường,0,500000000.0,28,55.31087655288247,2349,2,0.0,4759,1,1.0,1.0,327,11,1,306
308,Văn hóa,4,121170235.78158379,22,88.00089189397917,4314,9,1.0,1978,0,0.0,0.0,263,14,0,307
309,Giáo dục,2,407877565.3571199,96,73.65310483975414,18893,0,0.0,325,0,0.0,0.0,321,8,0,308
310,Y tế,3,153367780.9770715,99,96.64623210819889,14773,4,0.0,1207,0,1.0,0.0,322,4,1,309
311,Y tế,3,262322952.13911673,118,85.54823777955387,13028,1,0.0,2797,0,1.0,0.0,330,6,0,310
312,Văn hóa,4,155986414.71117264,84,70.78173357859153,3018,7,1.0,485,2,1.0,1.0,294,11,1,311
313,Y tế,3,439147278.1483845,60,96.87869052335584,5390,3,1.0,1290,0,0.0,0.0,315,8,1,312
314,Giáo dục,2,126170204.48664238,29,70.77986317476598,4509,6,0.0,914,1,1.0,1.0,274,7,1,313
315,Y tế,3,191675553.03590572,40,78.55976353594119,13005,7,0.0,4770,4,0.0,1.0,340,6,0,314
316,Văn hóa,4,169441160.18509737,80,56.06858092930583,10259,11,0.0,1905,3,1.0,0.0,279,7,0,315
317,Giáo dục,2,90978048.92506288,46,63.3309163171841,7530,4,0.0,2024,0,1.0,1.0,276,5,1,316
318,Khởi nghiệp,1,175778142.3452728,62,48.05152353399446,15044,6,1.0,2221,0,1.0,0.0,291,12,1,317
319,Giáo dục,2,500000000.0,26,81.79167869189706,15670,1,0.0,262,2,0.0,1.0,290,6,0,318
320,Công nghệ,5,92537350.02235956,57,38.43392753770269,14918,9,1.0,2803,0,0.0,0.0,289,9,1,319
321,Môi trường,0,178213289.7978903,34,77.64700684835323,2562,3,0.0,4579,3,1.0,0.0,302,7,1,320
322,Khởi nghiệp,1,395195051.92462766,19,58.18697884989681,12373,3,0.0,4105,1,1.0,0.0,319,10,0,321
323,Công nghệ,5,353445767.9266666,22,85.42494186934638,4595,5,1.0,1403,4,1.0,0.0,311,8,1,322
324,Văn hóa,4,120979370.44474728,66,77.0173797746252,5806,0,0.0,264,0,1.0,1.0,309,11,1,323
325,Môi trường,0,12431955.003712332,48,98.41292315293603,19577,6,1.0,3912,3,1.0,0.0,265,5,1,324
326,Khởi nghiệp,1,195460266.77201968,18,76.61549382277289,8599,8,0.0,4237,1,0.0,0.0,291,7,1,325
327,Văn hóa,4,14526708.147556653,65,30.559194886935188,15858,6,1.0,4624,1,0.0,0.0,339,11,1,326
328,Văn hóa,4,483441256.6442542,25,60.660936542035984,5301,0,0.0,2970,0,0.0,1.0,306,6,0,327
329,Văn hóa,4,140539644.98309532,8,38.559856148103684,19460,5,0.0,2472,2,0.0,1.0,345,13,1,328
330,Công nghệ,5,309259200.2134906,22,51.63440315267451,5901,7,1.0,3831,2,0.0,0.0,260,7,0,329
331,Y tế,3,50779049.635153145,58,92.22456866553443,4048,0,0.0,3513,4,1.0,0.0,286,10,1,330
332,Công nghệ,5,27374374.605121084,115,74.75067621795392,6802,2,0.0,3833,3,1.0,0.0,285,10,0,331
333,Y tế,3,153270771.71011192,34,48.021391428425076,3882,8,1.0,1564,0,1.0,1.0,269,10,0,332
334,Giáo dục,2,115881274.82331543,39,41.72565267119202,12177,6,0.0,4535,0,0.0,1.0,319,10,1,333
335,Y tế,3,75002815.82661597,34,62.65564185752522,3308,6,1.0,378,0,1.0,0.0,306,10,0,334
336,Giáo dục,2,129660261.78186001,47,37.668797012377446,4548,11,0.0,648,4,1.0,1.0,272,11,1,335
337,Y tế,3,500000000.0,88,48.577194452068376,14191,6,0.0,3342,0,1.0,0.0,297,6,0,336
338,Công nghệ,5,264353893.73363638,43,68.24018943102487,1330,7,0.0,2943,4,1.0,1.0,292,14,1,337
339,Công nghệ,5,324249446.9626954,81,85.10624072213392,9089,13,0.0,2859,2,1.0,0.0,276,8,1,338
340,Y tế,3,266728020.3933682,109,74.17522944448879,14002,4,1.0,4563,2,1.0,0.0,309,11,1,339
341,Môi trường,0,487835607.2427222,114,16.174209828038002,9186,3,0.0,4380,1,0.0,0.0,292,8,0,340
342,Y tế,3,99875194.62596102,71,68.0873345806052,925,6,0.0,3652,2,1.0,0.0,319,15,1,341
343,Khởi nghiệp,1,16987303.290423524,88,63.44067146465156,3581,6,0.0,990,1,0.0,1.0,268,9,1,342
344,Khởi nghiệp,1,100016244.28843445,111,70.27780570745387,19430,3,0.0,663,1,0.0,0.0,310,11,1,343
345,Công nghệ,5,258692052.17005712,96,94.32419363302415,15556,2,0.0,870,2,0.0,1.0,285,5,1,344
346,Giáo dục,2,47616486.993501015,41,20.735234463905144,7330,12,1.0,3147,1,1.0,1.0,309,9,1,345
347,Văn hóa,4,101184116.10707322,22,50.17793149617789,17536,6,1.0,3621,0,1.0,1.0,310,7,0,346
348,Giáo dục,2,62010776.60704932,20,73.81812645586709,628,3,1.0,4039,2,1.0,1.0,326,10,1,347
349,Y tế,3,498407109.1353294,107,30.368112010921152,1423,8,0.0,694,1,0.0,0.0,327,10,0,348
350,Y tế,3,243830571.90718392,70,91.51898096107018,17749,5,0.0,1519,2,0.0,0.0,281,9,1,349
351,Công nghệ,5,222172261.04858133,40,69.36713225401317,13647,4,0.0,1822,0,1.0,0.0,311,9,1,350
352,Khởi nghiệp,1,215942180.61235708,46,78.93167971686808,12196,7,1.0,3235,0,0.0,0.0,311,7,1,351
353,Y tế,3,115480611.73572664,39,50.58112676956411,7218,1,0.0,423,4,1.0,1.0,282,8,1,352
354,Giáo dục,2,144339463.45929956,98,78.27527379932421,16439,6,0.0,4233,4,0.0,0.0,310,7,1,353
355,Giáo dục,2,38805581.54477686,76,83.36943111978077,12359,11,0.0,586,3,1.0,0.0,307,8,1,354
356,Công nghệ,5,14989793.89053863,107,66.65756040274337,8982,6,1.0,2714,1,1.0,0.0,315,7,1,355
357,Môi trường,0,137974173.0545498,41,66.68801785397392,7920,4,1.0,4677,1,1.0,0.0,304,8,1,356
358,Y tế,3,162760563.53481522,60,67.40686478563453,7406,3,1.0,1132,3,0.0,1.0,302,6,0,357
359,Giáo dục,2,377394395.3139903,20,44.733094705212366,11718,4,0.0,3499,1,1.0,0.0,308,10,0,358
360,Công nghệ,5,500000000.0,117,59.04942639519294,13276,4,1.0,2838,0,1.0,1.0,321,12,1,359
361,Khởi nghiệp,1,500000000.0,65,58.94954935095282,16193,4,0.0,4135,4,1.0,1.0,301,4,0,360
362,Khởi nghiệp,1,46356755.374133445,70,69.6678772870699,8417,8,0.0,3022,1,1.0,1.0,309,10,1,361
363,Môi trường,0,85613044.3524959,54,81.9964849382059,5450,0,0.0,4271,4,0.0,0.0,256,10,1,362
364,Giáo dục,2,188822424.99659288,37,40.829278360431815,11346,8,0.0,2133,0,0.0,1.0,305,8,0,363
365,Môi trường,0,500000000.0,115,59.49981939360845,11876,4,0.0,986,2,0.0,0.0,307,5,0,364
366,Y tế,3,488130938.0620975,62,91.62911095317946,5917,6,0.0,3462,5,0.0,0.0,316,7,1,365
367,Khởi nghiệp,1,346511756.01033956,83,47.12823542374872,1929,2,0.0,4844,1,1.0,1.0,297,6,1,366
368,Giáo dục,2,82772086.44002993,11,45.554999654193594,6986,9,1.0,2279,1,0.0,1.0,293,10,1,367
369,Y tế,3,51699586.96641946,38,66.04612383662388,1876,9,1.0,4135,0,0.0,0.0,298,12,1,368
370,Văn hóa,4,253142337.982853,98,78.88770380970641,2102,8,1.0,4411,3,0.0,1.0,311,17,1,369
371,Môi trường,0,42050077.98575545,17,62.22852111121318,19335,0,0.0,3298,0,0.0,0.0,324,13,0,370
372,Môi trường,0,95390110.40896396,18,88.57921180873979,15736,7,0.0,3999,1,0.0,0.0,286,7,1,371
373,Khởi nghiệp,1,107280874.49760842,99,79.13587965133054,1191,6,1.0,2902,0,1.0,1.0,321,9,1,372
374,Y tế,3,500000000.0,42,78.83640133780123,7302,0,0.0,4062,4,0.0,0.0,292,11,0,373
375,Công nghệ,5,85415450.55036685,38,73.08233002648187,5465,5,0.0,1813,3,1.0,1.0,310,12,1,374
376,Môi trường,0,11789417.244635306,71,100.0,19512,6,0.0,2725,1,0.0,0.0,282,9,1,375
377,Môi trường,0,193197282.76479,29,57.89676622267912,9033,7,1.0,573,0,0.0,1.0,313,14,0,376
378,Y tế,3,61585021.38191845,11,21.929554158669724,5565,6,0.0,1142,4,1.0,1.0,312,9,1,377
379,Công nghệ,5,124585087.3811917,7,94.08508723034282,12877,6,1.0,2979,1,0.0,1.0,295,7,1,378
380,Văn hóa,4,110180505.08733748,16,52.84601138086349,9763,9,0.0,3677,0,0.0,0.0,279,7,0,379
381,Y tế,3,92247081.54105315,25,64.15760888686066,4152,9,0.0,342,0,1.0,1.0,324,8,0,380
382,Môi trường,0,253487115.35339448,86,88.19101369721054,6457,0,0.0,530,0,1.0,0.0,344,13,1,381
383,Y tế,3,27889989.010261673,40,29.954809178821492,2983,4,0.0,230,0,1.0,1.0,293,5,0,382
384,Giáo dục,2,73209553.76228979,15,36.967055717877216,14031,5,0.0,2684,0,0.0,0.0,319,9,0,383
385,Giáo dục,2,229138233.11554995,8,29.974441257622928,19428,0,0.0,1809,2,1.0,0.0,279,7,0,384
386,Giáo dục,2,66760320.89372288,61,46.11727419949152,16263,5,0.0,454,1,1.0,1.0,289,9,1,385
387,Y tế,3,25948740.381692436,102,70.79273212033988,7819,9,0.0,4009,2,1.0,0.0,318,5,1,386
388,Văn hóa,4,225792631.45652777,45,72.48375685625543,9996,2,1.0,2736,0,0.0,0.0,320,10,0,387
389,Khởi nghiệp,1,347731051.67148197,14,67.52548358657107,1686,6,0.0,248,1,0.0,1.0,318,4,0,388
390,Môi trường,0,114633948.4579961,33,33.74468232215267,7655,2,0.0,3492,4,0.0,0.0,298,6,0,389
391,Môi trường,0,18572576.731436487,63,15.797931267347117,1125,3,0.0,4574,1,0.0,0.0,299,10,1,390
392,Giáo dục,2,233962466.14436242,28,63.087071707807645,15022,9,0.0,2212,2,1.0,0.0,297,13,1,391
393,Y tế,3,24719587.72568902,118,52.564479327233286,18229,3,0.0,4758,0,0.0,0.0,292,4,0,392
394,Văn hóa,4,160428563.30420506,94,71.18771543433223,4233,6,1.0,2201,4,0.0,0.0,285,9,0,393
395,Giáo dục,2,51490576.4066217,46,76.0390725244254,13642,0,0.0,571,0,0.0,0.0,257,3,0,394
396,Y tế,3,39751283.12911589,115,64.76482864117364,12189,11,1.0,789,3,0.0,0.0,311,5,0,395
397,Công nghệ,5,78623837.20691629,44,77.20266170751708,8647,7,0.0,521,1,0.0,0.0,309,8,0,396
398,Văn hóa,4,100520005.10183632,22,66.58422748230137,14805,4,0.0,1648,2,0.0,0.0,353,7,0,397
399,Văn hóa,4,64876898.44430702,113,72.60129411202934,13755,7,1.0,2047,2,0.0,1.0,295,7,1,398
400,Giáo dục,2,209297682.41052505,116,47.906534742602354,5750,1,0.0,2332,0,1.0,1.0,314,10,1,399
401,Môi trường,0,78313776.4919012,42,58.40777172337083,16070,9,0.0,2507,3,0.0,0.0,299,10,0,400
402,Công nghệ,5,303587772.635546,74,65.93552193313914,13286,4,0.0,4345,0,1.0,0.0,281,5,1,401
403,Y tế,3,156272917.42745948,26,78.41056950834837,6593,4,1.0,255,2,0.0,1.0,320,6,1,402
404,Môi trường,0,61670771.29707209,80,54.12517655550856,14836,4,1.0,4510,1,0.0,0.0,276,7,0,403
405,Giáo dục,2,52554280.63837607,85,72.42334511464225,12992,3,0.0,1346,2,0.0,0.0,270,4,0,404
406,Môi trường,0,25012306.354745228,87,56.68322416169242,2789,7,1.0,4777,0,0.0,0.0,290,6,0,405
407,Công nghệ,5,157698654.35798326,71,59.649156653437394,3744,6,0.0,848,1,0.0,0.0,309,13,1,406
408,Y tế,3,85424357.1063056,87,78.59038084048146,6816,7,0.0,681,0,0.0,1.0,299,9,1,407
409,Văn hóa,4,12564855.746835664,70,22.138792578916885,1364,5,1.0,783,2,1.0,1.0,310,6,1,408
410,Giáo dục,2,71920425.96482526,100,36.07055343850478,8422,7,0.0,1621,1,0.0,1.0,327,4,0,409
411,Môi trường,0,50831036.06750581,27,32.35629205114358,9500,4,0.0,4719,0,0.0,0.0,292,8,0,410
412,Y tế,3,500000000.0,62,15.327677603033905,15631,12,1.0,2421,1,1.0,0.0,309,5,1,411
413,Y tế,3,23732603.09333213,54,48.434711196896465,3844,0,0.0,993,1,0.0,0.0,294,7,0,412
414,Khởi nghiệp,1,30423221.51037754,67,76.9886779945548,11566,9,1.0,3280,0,0.0,0.0,296,6,1,413
415,Văn hóa,4,343422203.08087474,23,56.302318672348505,13459,9,0.0,2638,1,0.0,0.0,321,4,1,414
416,Khởi nghiệp,1,434160569.56243604,43,65.95580163883704,9266,2,0.0,3573,0,0.0,1.0,286,9,0,415
417,Văn hóa,4,58953892.19983964,115,83.78434993421585,18193,12,0.0,3759,5,0.0,0.0,256,7,0,416
418,Văn hóa,4,65628359.39399761,18,88.55372264535383,6716,8,1.0,3972,3,1.0,1.0,293,7,1,417
419,Môi trường,0,214844190.22095114,79,60.61724130547721,8454,8,0.0,926,2,1.0,0.0,319,6,0,418
420,Khởi nghiệp,1,13114842.904472029,82,89.07171779138795,579,5,0.0,2580,3,1.0,0.0,313,12,1,419
421,Môi trường,0,20416745.9038777,61,63.84253316868218,8509,4,1.0,3227,0,0.0,1.0,304,7,1,420
422,Văn hóa,4,91633113.84651412,10,45.25203552345076,894,4,1.0,2871,0,0.0,1.0,288,12,0,421
423,Khởi nghiệp,1,500000000.0,10,50.1119929560253,19685,6,1.0,4868,1,0.0,0.0,303,6,0,422
424,Y tế,3,79086790.0983104,38,32.389269748699675,5188,9,0.0,4810,0,0.0,0.0,267,8,0,423
425,Giáo dục,2,131680613.2688145,18,44.23732292532695,16336,6,0.0,4097,1,0.0,0.0,307,4,1,424
426,Môi trường,0,351281975.8565234,17,54.83966623851142,2775,2,0.0,1352,2,0.0,0.0,299,8,0,425
427,Công nghệ,5,500000000.0,25,78.07170038757204,5847,7,1.0,2738,3,0.0,0.0,322,3,0,426
428,Văn hóa,4,69164200.3339743,28,96.41539662331968,2831,8,1.0,4058,0,0.0,0.0,312,5,1,427
429,Khởi nghiệp,1,117741854.52425937,102,34.3563696924592,7690,7,1.0,1487,2,0.0,1.0,277,8,1,428
430,Công nghệ,5,500000000.0,79,69.85654936519838,12253,7,0.0,3616,1,1.0,0.0,291,2,1,429
431,Văn hóa,4,28174015.883540917,10,41.189121216849315,8686,4,0.0,1396,2,0.0,1.0,293,12,0,430
432,Văn hóa,4,317567838.1777343,78,71.49394176926404,12306,2,0.0,872,0,1.0,1.0,296,3,1,431
433,Khởi nghiệp,1,45471678.71316431,22,59.37826698624547,16223,2,0.0,1351,3,0.0,0.0,300,6,1,432
434,Môi trường,0,131872848.68177652,55,25.381883483049393,1373,0,0.0,4647,1,1.0,0.0,251,7,0,433
435,Môi trường,0,95011823.99923302,11,80.56593983136969,8773,6,0.0,4977,4,0.0,0.0,303,9,0,434
436,Y tế,3,48152758.26148937,17,49.89998574382538,12081,5,1.0,4305,0,0.0,1.0,308,5,0,435
437,Văn hóa,4,47018569.092602864,22,51.321995232528906,10707,4,1.0,1502,2,0.0,1.0,302,8,0,436
438,Công nghệ,5,155568023.80338287,56,40.6049517742062,3343,0,1.0,3941,1,0.0,1.0,309,8,1,437
439,Công nghệ,5,308046825.9707144,59,48.91433446624889,4529,1,1.0,1247,1,1.0,0.0,290,10,1,438
440,Y tế,3,105767157.32842612,47,70.55780881389835,7855,8,1.0,808,2,0.0,0.0,278,10,1,439
441,Y tế,3,127880590.63312906,77,58.21511318127189,13200,3,1.0,1441,1,0.0,0.0,324,11,0,440
442,Khởi nghiệp,1,205841160.33132327,89,68.57324004564963,19798,6,0.0,870,0,1.0,0.0,276,11,1,441
443,Môi trường,0,47534302.46998807,90,69.23843707857688,7684,1,0.0,3274,0,0.0,1.0,275,7,0,442
444,Khởi nghiệp,1,241579189.22285458,73,88.41323311056334,10679,9,0.0,3479,3,1.0,0.0,309,6,1,443
445,Môi trường,0,260568396.23168272,69,55.14427698271241,6476,5,0.0,371,3,1.0,0.0,292,6,0,444
446,Văn hóa,4,500000000.0,63,32.462843663085366,1166,6,0.0,714,4,0.0,0.0,308,6,1,445
447,Y tế,3,83695939.26818465,34,83.34444833143966,8268,12,1.0,2499,1,0.0,0.0,301,8,0,446
448,Văn hóa,4,77425155.205671,62,55.370236558054906,7279,10,1.0,743,0,0.0,1.0,295,8,1,447
449,Môi trường,0,248391720.95888236,8,84.29184889154755,3435,4,1.0,4175,1,1.0,0.0,302,11,0,448
450,Công nghệ,5,260509258.67548373,117,69.66754226364941,13582,3,1.0,2121,1,0.0,1.0,290,9,0,449
451,Văn hóa,4,71963327.30910976,49,59.3772493959331,5540,4,1.0,2181,0,0.0,1.0,328,12,0,450
452,Công nghệ,5,81571904.81548977,93,68.9755178809259,4879,7,0.0,225,4,0.0,1.0,306,5,1,451
453,Y tế,3,200049280.4293707,116,100.0,8090,5,1.0,3567,5,1.0,1.0,286,11,1,452
454,Giáo dục,2,54504562.47690235,63,100.0,19306,4,1.0,3663,2,1.0,1.0,329,9,0,453
455,Y tế,3,81002672.94277264,105,63.38762270265558,12909,9,1.0,3830,1,1.0,1.0,313,9,1,454
456,Y tế,3,130269133.88015229,61,65.20381186634151,8793,5,0.0,2792,0,1.0,0.0,294,6,1,455
457,Khởi nghiệp,1,308163717.66685635,22,83.52480314932771,16502,12,0.0,1493,4,1.0,0.0,323,9,0,456
458,Môi trường,0,67364674.052363,10,45.08677934465305,911,5,1.0,575,1,0.0,0.0,315,8,1,457
459,Y tế,3,20784846.823469747,22,68.6614074523651,7067,10,0.0,1714,1,1.0,0.0,289,13,1,458
460,Môi trường,0,19369929.696219094,114,61.48274304092287,11041,6,0.0,2809,2,1.0,0.0,276,11,1,459
461,Môi trường,0,36163380.87001752,61,68.27816422915107,10029,8,0.0,759,0,0.0,1.0,307,5,0,460
462,Môi trường,0,34362989.88403455,43,45.332623881011884,13685,3,0.0,459,1,1.0,0.0,286,5,0,461
463,Y tế,3,103297091.65229423,57,30.20865013382062,14184,2,0.0,1241,0,1.0,0.0,322,4,0,462
464,Công nghệ,5,38669581.99884762,36,20.540331280174165,9391,6,1.0,539,3,0.0,1.0,317,8,0,463
465,Giáo dục,2,61366999.92751857,106,39.65231774020784,18627,8,1.0,268,1,0.0,0.0,274,11,0,464
466,Môi trường,0,57346272.81428675,120,52.82649430121334,18599,5,1.0,2530,3,0.0,1.0,312,10,0,465
467,Y tế,3,78728637.74925336,16,56.136168267024765,9765,1,0.0,3776,1,1.0,0.0,283,11,0,466
468,Giáo dục,2,420257894.34178656,88,100.0,18087,1,0.0,2599,1,0.0,1.0,266,8,0,467
469,Y tế,3,224379687.86024013,45,84.11986739814597,12996,1,0.0,638,0,1.0,1.0,299,9,1,468
470,Giáo dục,2,121487622.66821891,12,42.75817767316745,3209,0,0.0,1827,2,0.0,0.0,290,9,0,469
471,Y tế,3,77208879.93525556,112,68.95416904901914,2831,5,0.0,370,0,1.0,0.0,313,6,1,470
472,Khởi nghiệp,1,79274651.01790488,14,53.858435272993496,2058,8,1.0,3184,0,0.0,0.0,316,12,0,471
473,Công nghệ,5,163342396.30683947,30,56.3127232391981,4629,5,1.0,1319,1,1.0,0.0,288,3,1,472
474,Y tế,3,208398072.69261605,9,65.70651298830764,6590,0,0.0,2059,1,0.0,0.0,269,4,0,473
475,Khởi nghiệp,1,50514115.45778812,60,74.38342233950786,1847,4,0.0,4529,0,0.0,1.0,269,10,1,474
476,Môi trường,0,123859289.58558434,75,55.21483032231969,12358,5,0.0,3017,1,0.0,0.0,313,5,0,475
477,Văn hóa,4,17364898.686109953,43,83.27703065468717,8518,11,0.0,3871,2,0.0,1.0,315,7,1,476
478,Giáo dục,2,146293889.0261935,15,39.16123547715192,12231,1,0.0,1878,1,0.0,0.0,291,18,1,477
479,Khởi nghiệp,1,246788383.36414322,20,62.12678124724537,10309,4,0.0,4667,1,1.0,1.0,275,11,1,478
480,Giáo dục,2,91691001.6671077,113,100.0,5797,10,0.0,3631,1,1.0,0.0,265,10,0,479
481,Giáo dục,2,500000000.0,98,66.4615948525055,12491,6,0.0,2675,1,1.0,0.0,310,9,0,480
482,Văn hóa,4,51795999.52165804,113,90.66429013212345,19046,7,1.0,2980,0,1.0,0.0,307,7,1,481
483,Y tế,3,147091940.4597598,67,63.830403563464166,6676,5,0.0,3191,1,0.0,0.0,319,7,0,482
484,Văn hóa,4,115636995.19781056,69,73.61554190659594,6492,6,0.0,968,3,1.0,1.0,316,5,1,483
485,Y tế,3,108766856.25075652,96,60.86433611214617,10564,7,0.0,1408,0,1.0,0.0,318,7,0,484
486,Công nghệ,5,107327336.31043617,77,58.59184837671591,16181,3,0.0,3494,1,0.0,0.0,294,8,0,485
487,Môi trường,0,132454504.01586823,56,46.41035206549161,10863,8,0.0,2315,0,1.0,0.0,267,7,1,486
488,Giáo dục,2,267749073.318421,40,70.60602717915107,16723,1,1.0,3962,3,0.0,1.0,290,8,0,487
489,Văn hóa,4,442897721.536742,62,44.96925621628464,1944,6,1.0,2724,1,1.0,0.0,336,7,0,488
490,Môi trường,0,119384778.52083708,14,75.31170472626859,2419,6,0.0,516,0,1.0,0.0,300,6,1,489
491,Giáo dục,2,259573450.9672557,28,83.70574008891819,8423,3,0.0,3391,1,1.0,0.0,311,8,1,490
492,Giáo dục,2,61424626.82429804,91,69.3306281447446,5034,5,0.0,3127,0,0.0,0.0,284,7,0,491
493,Văn hóa,4,247682360.82872298,105,56.275025328886166,952,3,0.0,1950,0,1.0,0.0,328,8,0,492
494,Công nghệ,5,58008960.75564099,18,71.07931158617393,4696,2,0.0,3994,0,0.0,1.0,299,11,0,493
495,Môi trường,0,337179820.9344712,18,55.82653888907175,5786,4,1.0,1883,0,1.0,0.0,334,7,1,494
496,Khởi nghiệp,1,500000000.0,16,80.71094250930298,18433,2,0.0,750,3,0.0,1.0,325,9,0,495
497,Văn hóa,4,106538854.37877502,97,25.37187831569753,15754,6,0.0,781,0,1.0,0.0,301,8,0,496
498,Khởi nghiệp,1,14903157.835558502,42,55.287852637627076,7346,2,0.0,4527,2,1.0,0.0,288,8,0,497
499,Giáo dục,2,71081005.94312681,44,22.183760097520043,19181,7,0.0,2005,0,0.0,0.0,315,8,0,498
500,Công nghệ,5,385588531.22124135,8,32.0987833954559,16811,1,1.0,2191,2,0.0,0.0,328,8,1,499
501,Công nghệ,5,202332501.20245114,117,89.2772445962782,5387,3,0.0,1666,0,1.0,0.0,275,9,0,500
502,Công nghệ,5,151556328.44688112,56,79.90369963943371,9821,3,0.0,3741,1,0.0,0.0,316,14,0,501
503,Môi trường,0,311913024.1489312,97,47.610395334304194,18473,9,0.0,3106,1,0.0,0.0,272,6,0,502
504,Môi trường,0,189562769.91310385,87,31.949930879182062,9415,6,1.0,4515,5,0.0,1.0,296,9,1,503
505,Khởi nghiệp,1,380439959.1027481,23,2.709423243166974,7732,4,0.0,4493,2,0.0,0.0,275,5,0,504
506,Văn hóa,4,286558279.65308225,98,51.130089841347306,18116,6,0.0,4950,0,1.0,0.0,300,12,0,505
507,Khởi nghiệp,1,500000000.0,69,100.0,13378,0,0.0,1779,2,1.0,0.0,304,7,0,506
508,Giáo dục,2,168232293.1613833,75,70.69768542927295,9097,5,0.0,3002,5,0.0,0.0,294,4,1,507
509,Văn hóa,4,282728160.7976709,29,50.80855427901021,17459,11,1.0,1863,0,0.0,1.0,325,5,1,508
510,Giáo dục,2,89364072.03525217,103,71.30160419000613,15024,5,0.0,3580,0,0.0,0.0,321,12,0,509
511,Công nghệ,5,67565781.97241887,113,30.780832940111143,7282,5,0.0,3791,1,0.0,0.0,286,12,0,510
512,Giáo dục,2,500000000.0,53,56.05353274604729,8775,7,0.0,1408,1,1.0,0.0,320,7,1,511
513,Giáo dục,2,146919362.89614365,17,63.98954946031477,1424,8,0.0,4326,1,0.0,0.0,292,12,1,512
514,Công nghệ,5,257012823.26031393,103,60.27798696357903,2486,0,0.0,1592,0,1.0,1.0,266,7,1,513
515,Y tế,3,134564340.90859434,108,77.81612243380161,19110,0,1.0,4919,3,1.0,0.0,289,3,0,514
516,Khởi nghiệp,1,68531916.67823057,64,68.89290452472105,1535,6,0.0,4283,0,1.0,1.0,327,7,1,515
517,Y tế,3,120895095.47280616,73,75.36652036215995,16816,3,0.0,287,1,1.0,0.0,289,5,1,516
518,Văn hóa,4,468100847.54685426,32,48.23255435538481,4560,9,0.0,2111,3,0.0,1.0,276,8,0,517
519,Công nghệ,5,202748746.92891967,14,79.95630816821097,11060,4,1.0,2064,1,0.0,0.0,308,12,1,518
520,Môi trường,0,23537383.40277556,114,94.57873895247982,14584,0,0.0,4147,0,0.0,0.0,285,6,1,519
521,Môi trường,0,97515097.12146223,62,42.59700960697175,19827,1,0.0,3677,0,1.0,1.0,309,11,0,520
522,Y tế,3,500000000.0,38,44.246086885708806,7786,0,0.0,442,1,1.0,0.0,324,10,0,521
523,Văn hóa,4,97649293.59811768,86,88.71568672640466,18539,4,0.0,4235,0,0.0,0.0,302,6,1,522
524,Y tế,3,21628993.03713055,9,58.17312026609879,9355,4,1.0,1247,2,0.0,1.0,306,6,0,523
525,Giáo dục,2,500000000.0,16,90.07642784133114,17409,4,0.0,1974,0,0.0,0.0,278,9,0,524
526,Văn hóa,4,228780339.34055537,34,53.149285762156325,2486,8,0.0,1016,3,1.0,1.0,299,12,0,525
527,Y tế,3,111941590.9809838,58,91.10091152541423,5727,9,0.0,956,1,1.0,1.0,342,10,1,526
528,Công nghệ,5,84069395.33799386,48,64.62971633610904,12649,4,0.0,2729,2,1.0,1.0,294,3,1,527
529,Giáo dục,2,334529067.89784896,28,67.16457646645391,14269,0,0.0,606,4,1.0,1.0,302,9,1,528
530,Văn hóa,4,71493405.29578859,47,93.29436043339808,16167,7,0.0,586,0,0.0,0.0,279,8,1,529
531,Môi trường,0,356143252.76710194,45,54.764590451116575,7479,7,0.0,3971,0,1.0,0.0,277,8,0,530
532,Văn hóa,4,200251677.60646856,66,43.177558081500834,12681,6,1.0,1850,0,1.0,0.0,286,13,1,531
533,Văn hóa,4,150948281.45850322,71,53.02871583943291,12604,8,1.0,3311,1,0.0,1.0,253,5,0,532
534,Khởi nghiệp,1,137376936.22920164,107,71.04667901286277,19699,2,0.0,4933,1,1.0,1.0,290,8,1,533
535,Môi trường,0,101318579.70860454,98,30.684818556389715,2785,11,1.0,444,0,0.0,0.0,304,6,1,534
536,Công nghệ,5,323063066.4189581,40,74.74941805302242,818,2,1.0,4012,0,1.0,0.0,309,10,0,535
537,Môi trường,0,52584097.83670931,109,51.22457364764514,11711,7,0.0,726,0,1.0,0.0,298,11,0,536
538,Giáo dục,2,25627361.044781365,66,84.95625321467128,805,0,0.0,3850,2,1.0,0.0,287,6,1,537
539,Môi trường,0,214478083.59884936,28,14.114793901990566,4319,2,0.0,1668,1,1.0,1.0,289,6,0,538
540,Giáo dục,2,217928244.23044717,45,46.268684497916624,10250,10,0.0,848,3,0.0,0.0,305,10,0,539
541,Văn hóa,4,188805717.55671614,91,28.270636975317963,5722,4,0.0,1297,4,1.0,1.0,315,2,1,540
542,Y tế,3,176237301.90588084,100,45.47541067272095,5694,8,0.0,1949,2,1.0,1.0,317,10,0,541
543,Khởi nghiệp,1,88232562.35825644,49,66.95331802217886,7252,6,1.0,3702,3,1.0,1.0,316,8,1,542
544,Giáo dục,2,252799835.40937394,24,58.415467491004904,13886,5,0.0,3466,2,1.0,0.0,306,7,0,543
545,Môi trường,0,114572661.68831939,28,56.932448621039704,7633,9,1.0,3697,4,0.0,1.0,289,8,1,544
546,Y tế,3,75318934.64171243,18,58.81630257239878,15967,4,0.0,303,4,1.0,1.0,306,8,1,545
547,Môi trường,0,88960521.74221791,86,66.06776481239886,3600,0,0.0,4881,3,1.0,1.0,294,10,1,546
548,Giáo dục,2,500000000.0,64,41.82927916113785,2497,3,1.0,2283,2,0.0,0.0,322,8,0,547
549,Môi trường,0,23017669.59155541,58,76.13699281798101,3746,7,0.0,734,1,0.0,0.0,294,8,1,548
550,Khởi nghiệp,1,192344520.39556268,83,75.25331940770968,18388,6,0.0,4657,1,1.0,1.0,324,12,0,549
551,Môi trường,0,24272269.74077419,101,69.70075875312202,5910,0,0.0,4005,1,1.0,0.0,297,7,0,550
552,Công nghệ,5,107949958.29547785,97,73.13066885502526,1083,3,1.0,595,2,1.0,0.0,284,16,1,551
553,Văn hóa,4,79244921.69447695,22,67.92836001617319,6648,3,0.0,2296,0,0.0,0.0,281,9,0,552
554,Công nghệ,5,16505811.981544266,74,100.0,13923,4,0.0,4550,1,1.0,0.0,320,13,0,553
555,Văn hóa,4,173135608.73360065,107,60.2581165789498,7558,1,0.0,3476,0,0.0,0.0,318,8,1,554
556,Giáo dục,2,83383736.38324475,95,55.858335633308464,7997,3,0.0,1133,4,1.0,0.0,268,9,1,555
557,Khởi nghiệp,1,16284983.354692284,44,46.92944839285244,2185,3,0.0,3561,1,0.0,0.0,280,5,0,556
558,Công nghệ,5,265623296.975365,51,41.35474658844326,13515,7,0.0,1107,2,1.0,1.0,328,10,1,557
559,Công nghệ,5,467661765.4011113,108,37.110564247978495,4800,7,0.0,1888,4,1.0,1.0,315,8,1,558
560,Giáo dục,2,492802047.5873479,10,44.22405373538163,2403,5,0.0,1138,2,1.0,0.0,315,6,1,559
561,Khởi nghiệp,1,168257923.437401,66,60.58639236695858,14439,4,0.0,3528,4,1.0,0.0,311,4,0,560
562,Giáo dục,2,124991367.34581523,20,68.6859025699543,18773,5,1.0,4670,0,0.0,0.0,268,9,0,561
563,Giáo dục,2,422520612.2030968,108,63.02284117104323,12405,3,0.0,413,5,1.0,0.0,312,13,0,562
564,Công nghệ,5,500000000.0,11,46.68929445140574,18779,2,0.0,3097,3,1.0,1.0,341,7,1,563
565,Môi trường,0,351208375.51979077,9,80.00369128039927,8342,2,0.0,1392,2,0.0,0.0,290,5,0,564
566,Y tế,3,48912291.260525495,44,76.78825344601896,10628,3,1.0,3803,3,1.0,0.0,318,8,0,565
567,Văn hóa,4,144859897.70319602,29,58.80703385155966,7465,2,0.0,868,0,1.0,0.0,341,11,0,566
568,Văn hóa,4,181640558.15929568,63,48.94167710670576,10436,5,0.0,1958,1,1.0,0.0,300,7,1,567
569,Khởi nghiệp,1,21442036.58287733,41,72.96855841659598,17911,7,0.0,1188,4,1.0,1.0,296,9,1,568
570,Giáo dục,2,186864184.83460897,47,65.7594717497221,12878,0,0.0,4391,0,0.0,1.0,271,7,0,569
571,Giáo dục,2,500000000.0,71,33.03745481169905,1020,5,0.0,596,2,1.0,0.0,303,5,0,570
572,Giáo dục,2,219736433.70889258,70,60.6403948803119,11811,4,0.0,2993,2,0.0,0.0,282,4,1,571
573,Môi trường,0,485040246.2266987,113,67.24071624148762,7856,6,0.0,778,4,0.0,1.0,293,11,1,572
574,Môi trường,0,142345675.74797964,61,44.006104270244926,11099,5,0.0,3079,0,0.0,0.0,287,2,0,573
575,Môi trường,0,111601225.85504647,71,65.79686785674886,11376,1,1.0,3885,4,0.0,1.0,326,7,0,574
576,Công nghệ,5,171862933.80028242,84,32.903550294844216,11989,1,1.0,3811,0,0.0,1.0,284,9,0,575
577,Giáo dục,2,55116775.56026687,26,88.72372200024341,17391,5,0.0,360,0,1.0,0.0,355,8,1,576
578,Khởi nghiệp,1,47889822.79815888,83,86.95899970118863,17243,8,1.0,3913,0,0.0,1.0,315,9,1,577
579,Văn hóa,4,398408862.7600325,105,56.94965331394071,19444,0,1.0,1624,0,0.0,0.0,280,8,0,578
580,Giáo dục,2,440634030.3460544,43,69.26908675678146,12415,6,1.0,3472,2,0.0,1.0,320,6,0,579
581,Giáo dục,2,46662387.916204944,27,13.801560684002503,6062,9,1.0,4826,0,1.0,0.0,283,8,0,580
582,Môi trường,0,300091763.5430947,46,38.873046794693344,4318,5,0.0,770,2,0.0,0.0,306,10,0,581
583,Giáo dục,2,110153788.33972009,38,56.124421596957404,17061,7,0.0,1941,0,0.0,0.0,322,5,1,582
584,Y tế,3,165224901.9299238,73,40.55733957146282,18321,3,0.0,4360,0,1.0,0.0,332,7,1,583
585,Y tế,3,185248311.51375166,105,76.28792965261317,1226,5,0.0,879,0,0.0,0.0,298,11,0,584
586,Giáo dục,2,307699109.0331186,74,100.0,4711,0,0.0,1452,2,1.0,0.0,299,12,0,585
587,Y tế,3,129421139.44155623,21,38.46770561141396,13748,0,0.0,2835,1,0.0,0.0,320,4,0,586
588,Văn hóa,4,456753262.26377463,42,45.25073191829615,3720,8,0.0,4981,1,0.0,0.0,304,10,0,587
589,Công nghệ,5,160522101.92828497,85,66.7089673661986,1475,2,1.0,1614,2,0.0,0.0,294,4,0,588
590,Y tế,3,216472712.63936993,44,94.22232296999242,19942,4,1.0,2050,3,1.0,1.0,297,12,1,589
591,Khởi nghiệp,1,54211332.866981246,73,37.552513749201935,2375,1,0.0,4019,1,0.0,1.0,300,9,0,590
592,Môi trường,0,500000000.0,86,66.98072244613884,4661,1,0.0,775,0,1.0,0.0,301,9,0,591
593,Môi trường,0,186946619.5365996,44,98.42597701626218,19784,4,0.0,1772,1,0.0,0.0,263,8,0,592
594,Môi trường,0,235529694.337678,80,28.964817036414658,2451,3,1.0,1717,2,1.0,1.0,324,6,0,593
595,Y tế,3,25964050.843106177,52,36.37861586308336,16096,6,1.0,2125,0,0.0,1.0,275,7,0,594
596,Khởi nghiệp,1,54757947.616704784,22,53.52786787078323,11459,6,0.0,2952,0,0.0,0.0,305,6,0,595
597,Khởi nghiệp,1,387795812.8490427,49,51.58823174289178,11028,6,0.0,1263,0,0.0,1.0,273,12,0,596
598,Văn hóa,4,157124110.28272367,57,78.25202575507289,16630,6,0.0,2078,1,1.0,0.0,301,9,0,597
599,Khởi nghiệp,1,19421849.47573446,7,66.83319439641676,916,10,1.0,4600,0,0.0,0.0,281,8,1,598
600,Văn hóa,4,320815077.4981292,108,26.500758807157432,1684,2,1.0,4177,2,1.0,1.0,308,5,0,599
601,Môi trường,0,71371296.44194856,67,72.30820805801622,4312,5,0.0,4790,0,1.0,1.0,319,3,1,600
602,Giáo dục,2,457254705.74291784,11,50.44922225288699,10057,8,0.0,3474,0,1.0,1.0,304,14,0,601
603,Môi trường,0,110062187.54464927,105,87.48894433882478,19263,9,0.0,2994,1,0.0,0.0,308,6,1,602
604,Y tế,3,145323282.29303944,104,49.4482492712616,1835,1,0.0,1224,1,1.0,0.0,300,8,1,603
605,Môi trường,0,366682478.2533693,8,49.267694337955284,8692,4,1.0,962,0,1.0,0.0,299,7,0,604
606,Khởi nghiệp,1,51002319.88973507,25,72.82263221609062,8859,9,1.0,2786,0,1.0,0.0,293,8,0,605
607,Văn hóa,4,46585296.91934595,48,77.25852964673874,4331,7,0.0,2143,1,1.0,0.0,290,11,0,606
608,Công nghệ,5,99267273.29463737,64,70.96198727872407,7207,6,0.0,3980,1,1.0,0.0,271,5,1,607
609,Y tế,3,262513786.76863998,89,28.288053652303837,4419,4,0.0,246,1,1.0,0.0,278,9,0,608
610,Công nghệ,5,33789701.00465247,55,72.76068879856501,3174,4,0.0,4477,0,1.0,1.0,279,2,1,609
611,Văn hóa,4,24529011.801153477,76,41.31383896651202,10663,6,0.0,1018,4,0.0,0.0,310,11,0,610
612,Văn hóa,4,261654340.78572613,8,66.70552223176527,18654,4,1.0,2095,2,1.0,0.0,280,8,0,611
613,Công nghệ,5,67468447.5640441,82,33.5253112920188,8380,5,1.0,1909,0,0.0,1.0,257,6,0,612
614,Môi trường,0,82423841.17888793,111,70.92644295086127,12880,5,0.0,4637,1,1.0,0.0,297,5,0,613
615,Khởi nghiệp,1,20501940.909863725,66,45.868021913852544,13567,3,1.0,3658,1,1.0,1.0,297,11,1,614
616,Giáo dục,2,62768860.17443251,58,36.34730699478956,16939,7,1.0,372,3,0.0,0.0,330,4,0,615
617,Y tế,3,118783262.65208781,40,76.276402729648,16581,14,0.0,4294,0,0.0,0.0,315,8,0,616
618,Công nghệ,5,289555910.675076,115,66.83289043353503,18165,0,0.0,3448,2,0.0,1.0,307,6,0,617
619,Môi trường,0,57502060.624719486,10,49.720463972142056,16382,6,0.0,526,1,0.0,0.0,300,6,0,618
620,Khởi nghiệp,1,500000000.0,39,91.02357698042128,18638,3,1.0,3953,4,0.0,1.0,297,7,1,619
621,Khởi nghiệp,1,62437197.96907358,22,53.18695156860515,19338,7,0.0,362,3,1.0,1.0,306,5,1,620
622,Văn hóa,4,62524109.26057199,105,62.642153479418695,15088,5,0.0,2240,2,1.0,0.0,289,11,1,621
623,Công nghệ,5,500000000.0,62,67.37826895357202,10116,7,0.0,978,1,1.0,1.0,292,11,0,622
624,Công nghệ,5,146258643.72833437,112,49.60668131742773,6485,9,0.0,252,2,0.0,1.0,300,10,0,623
625,Văn hóa,4,70814653.4894824,82,71.4227258679986,11641,6,0.0,2885,1,1.0,1.0,323,6,1,624
626,Văn hóa,4,103245842.78160912,70,51.33095305670551,16664,8,1.0,3497,4,0.0,0.0,292,7,1,625
627,Giáo dục,2,432641456.8251274,65,53.767233555675816,15194,0,0.0,2502,1,1.0,0.0,306,6,0,626
628,Y tế,3,481729195.29778194,30,89.25285279606682,10643,10,0.0,1844,1,0.0,1.0,302,7,0,627
629,Khởi nghiệp,1,55066190.30407635,71,41.188278949751336,1984,6,1.0,2664,0,0.0,0.0,292,12,0,628
630,Y tế,3,114913230.07253878,85,13.744393381410198,5797,8,0.0,928,0,0.0,0.0,291,3,0,629
631,Khởi nghiệp,1,130338958.25072387,117,94.21873990023789,11755,1,0.0,439,2,1.0,0.0,289,10,0,630
632,Công nghệ,5,46878602.61129538,69,100.0,8022,3,0.0,954,0,0.0,0.0,281,12,1,631
633,Giáo dục,2,113475691.48195742,114,53.89461469101336,9394,5,0.0,460,3,1.0,0.0,280,4,1,632
634,Giáo dục,2,120246783.41311783,114,23.263239187596298,6373,5,0.0,3891,0,1.0,0.0,306,6,0,633
635,Giáo dục,2,353431060.6801844,66,55.79032047608113,1983,6,1.0,3121,1,1.0,0.0,316,7,0,634
636,Công nghệ,5,376735450.7327167,57,56.27554100318662,9590,8,0.0,1099,3,0.0,0.0,317,6,1,635
637,Công nghệ,5,87508900.97291827,23,58.20152317955486,9176,0,0.0,2935,0,0.0,1.0,301,5,1,636
638,Giáo dục,2,97634796.88772829,37,39.73223916156304,15736,8,0.0,2523,4,0.0,0.0,284,3,0,637
639,Công nghệ,5,224880045.51353619,107,73.59122284952954,2686,5,1.0,734,1,0.0,0.0,335,13,0,638
640,Văn hóa,4,68618379.08606574,22,72.49014750572172,9954,4,0.0,4857,1,1.0,0.0,300,3,0,639
641,Công nghệ,5,209285131.17266124,52,32.111887603613866,17149,1,1.0,4701,2,0.0,0.0,315,7,0,640
642,Công nghệ,5,110054784.0944125,86,75.98393463389776,5723,7,0.0,3842,2,0.0,1.0,273,9,1,641
643,Khởi nghiệp,1,47634666.938449346,34,100.0,6667,0,0.0,4081,2,0.0,1.0,291,5,1,642
644,Y tế,3,48206533.65122491,118,65.43920664874119,2204,7,0.0,2826,3,1.0,0.0,298,9,1,643
645,Khởi nghiệp,1,473047214.7441151,81,55.25349675862988,11703,1,0.0,4058,2,0.0,0.0,330,7,0,644
646,Khởi nghiệp,1,103119554.33887143,10,59.15993571184957,17187,5,0.0,2735,4,1.0,0.0,290,6,1,645
647,Giáo dục,2,500000000.0,35,74.30513533937122,9888,5,1.0,997,2,0.0,0.0,310,8,1,646
648,Môi trường,0,73444865.41753581,91,27.386567889855634,8638,9,0.0,1003,4,1.0,0.0,301,14,1,647
649,Khởi nghiệp,1,157769385.77754518,105,65.28781405954605,15106,4,0.0,4299,3,1.0,0.0,329,5,1,648
650,Văn hóa,4,500000000.0,112,54.1907210107438,9117,3,0.0,2342,0,0.0,0.0,305,7,1,649
651,Môi trường,0,43814816.41981965,104,98.9565002591209,8273,3,0.0,3701,5,0.0,0.0,304,9,1,650
652,Y tế,3,19718665.355267458,15,58.51654532390084,15392,9,0.0,895,0,0.0,0.0,301,5,0,651
653,Văn hóa,4,406161176.289583,90,95.35775222239039,6038,7,0.0,2349,4,0.0,0.0,268,6,1,652
654,Khởi nghiệp,1,54544713.25019357,19,39.925186044359855,17069,4,0.0,601,1,0.0,0.0,345,9,0,653
655,Giáo dục,2,117309811.4380726,15,73.74518333605585,5728,4,0.0,1259,3,1.0,0.0,306,7,1,654
656,Công nghệ,5,68570824.27192657,85,68.38800527582458,10467,0,0.0,723,0,1.0,0.0,334,10,0,655
657,Công nghệ,5,154353292.78291732,61,44.61905504270435,5379,6,0.0,1198,2,0.0,0.0,290,6,0,656
658,Công nghệ,5,48495938.16249035,80,65.5479222927388,12831,0,0.0,3111,1,1.0,0.0,308,8,0,657
659,Y tế,3,100841135.08430555,104,86.250376736632,8966,7,0.0,226,4,0.0,0.0,295,8,0,658
660,Công nghệ,5,183426492.65716183,14,55.52416591426798,5163,5,1.0,1129,2,1.0,1.0,333,7,0,659
661,Giáo dục,2,45906007.92325726,67,28.160747016604738,15007,12,0.0,3516,3,0.0,1.0,302,9,0,660
662,Y tế,3,61522909.26805741,102,61.64874347045108,18733,2,1.0,916,0,1.0,0.0,308,7,0,661
663,Văn hóa,4,86011047.7418182,57,43.95153810414975,1046,5,0.0,2866,1,1.0,0.0,308,8,1,662
664,Công nghệ,5,30787685.220438723,66,55.15318122672235,11574,10,0.0,4362,2,0.0,1.0,336,9,0,663
665,Giáo dục,2,80082432.33640467,63,60.36824460629758,14511,9,0.0,3944,2,0.0,1.0,322,14,0,664
666,Công nghệ,5,133933867.89323986,110,27.886955679689656,14532,3,0.0,785,3,0.0,0.0,299,8,0,665
667,Y tế,3,81852426.3735919,12,29.68683321358644,4800,6,1.0,908,1,1.0,0.0,315,7,0,666
668,Môi trường,0,92451277.29039212,107,71.6413367105105,2727,5,1.0,3587,1,1.0,0.0,295,5,0,667
669,Y tế,3,117399524.2116917,100,51.545626076606396,10514,6,0.0,1863,3,1.0,0.0,288,8,1,668
670,Công nghệ,5,64169829.369797334,99,10.705113163588656,12919,3,0.0,2201,0,1.0,0.0,285,11,1,669
671,Giáo dục,2,230672482.460153,54,77.6968807321627,6145,5,0.0,2488,2,1.0,0.0,302,5,0,670
672,Y tế,3,468093780.06492424,65,67.4473951054848,7694,0,0.0,2979,1,0.0,0.0,296,6,0,671
673,Công nghệ,5,76963252.63633932,49,47.72250351927032,10875,5,1.0,2356,0,1.0,0.0,316,8,0,672
674,Công nghệ,5,189696943.0088624,35,35.66339577883517,9276,6,0.0,312,2,1.0,0.0,319,8,1,673
675,Giáo dục,2,95283165.18993157,106,78.71615792628674,9928,4,0.0,653,3,0.0,1.0,288,14,1,674
676,Văn hóa,4,169305101.20151964,64,68.98701245120859,13802,0,1.0,200,3,1.0,0.0,309,4,0,675
677,Y tế,3,500000000.0,89,100.0,19693,8,1.0,1471,1,0.0,0.0,315,5,0,676
678,Y tế,3,193972424.63486278,18,70.40377197449875,16028,6,0.0,4122,3,0.0,0.0,282,4,0,677
679,Văn hóa,4,22192305.510358173,96,69.7540628252403,660,3,0.0,4864,3,1.0,1.0,280,5,1,678
680,Khởi nghiệp,1,184156380.72744,82,58.661441397828696,7312,4,1.0,2482,1,0.0,0.0,310,5,0,679
681,Khởi nghiệp,1,385950837.81477183,120,78.33551734401581,689,0,0.0,330,0,0.0,0.0,301,8,1,680
682,Môi trường,0,96928450.29874836,22,74.50170402496308,17528,2,0.0,542,0,0.0,0.0,305,7,0,681
683,Công nghệ,5,308074768.33492154,68,87.0345001713039,13066,3,0.0,4112,3,1.0,1.0,326,10,1,682
684,Khởi nghiệp,1,62108302.64199452,65,51.5735416272543,4770,9,1.0,1848,1,1.0,1.0,286,15,1,683
685,Văn hóa,4,29172522.048334226,68,53.29185054112075,16862,3,1.0,4431,0,0.0,1.0,275,9,0,684
686,Văn hóa,4,136810945.0860208,13,52.4179365817604,11476,7,1.0,2630,0,0.0,1.0,287,9,0,685
687,Văn hóa,4,22552288.746716924,60,77.81603442357978,1503,3,0.0,4420,3,0.0,0.0,319,11,1,686
688,Công nghệ,5,95269239.18330854,41,91.96748880593464,3449,6,0.0,850,0,1.0,0.0,271,7,0,687
689,Công nghệ,5,406258473.61227965,77,52.82319013701399,16282,5,0.0,4319,2,0.0,0.0,270,7,0,688
690,Môi trường,0,19496104.601269748,33,53.504525444138174,6140,8,1.0,2822,3,1.0,1.0,314,8,0,689
691,Công nghệ,5,35479940.694383234,56,68.28154447739598,10728,3,0.0,2300,0,1.0,0.0,303,6,1,690
692,Khởi nghiệp,1,44882986.76993088,77,57.08476999974197,17960,0,0.0,2738,1,0.0,0.0,292,13,0,691
693,Y tế,3,112655622.32517143,14,81.0410730627978,6137,1,1.0,1770,1,1.0,1.0,309,4,1,692
694,Văn hóa,4,84525942.21200903,96,16.96445418761907,725,3,0.0,3093,2,1.0,0.0,306,13,0,693
695,Môi trường,0,451994044.8555106,88,45.46589906166211,2135,1,1.0,3896,3,1.0,0.0,287,8,0,694
696,Khởi nghiệp,1,296225312.21243846,13,46.351673320771084,18354,6,0.0,4089,0,0.0,0.0,309,10,0,695
697,Công nghệ,5,191521244.6908456,14,15.5928797522771,12198,4,1.0,4895,2,1.0,1.0,325,10,0,696
698,Môi trường,0,137392011.91632318,103,42.72723111262392,6903,12,0.0,2181,3,1.0,1.0,270,11,1,697
699,Khởi nghiệp,1,173826509.53522646,39,43.69687768308148,2033,0,0.0,3890,1,1.0,0.0,311,10,0,698
700,Môi trường,0,52752238.342443354,105,57.97790690962339,14068,6,0.0,4465,1,1.0,1.0,300,8,1,699
701,Khởi nghiệp,1,270112699.62156296,63,84.25931783320527,1273,2,0.0,285,2,0.0,1.0,332,4,1,700
702,Y tế,3,41597804.95600772,46,57.098786976185956,2288,4,0.0,2478,2,1.0,1.0,257,12,1,701
703,Công nghệ,5,264567809.2833916,38,41.38372559457692,12082,5,0.0,3563,2,1.0,1.0,309,14,0,702
704,Y tế,3,369194948.05679834,82,60.86090917572942,13004,0,0.0,2394,2,0.0,0.0,282,5,0,703
705,Khởi nghiệp,1,146175917.97569582,19,82.98347242882699,11610,6,1.0,680,0,0.0,1.0,309,13,1,704
706,Công nghệ,5,101198813.85880192,52,42.480823677701906,18234,11,0.0,3347,3,0.0,0.0,300,10,0,705
707,Giáo dục,2,174999629.1765136,46,43.78850232157103,5748,4,1.0,2149,3,1.0,1.0,311,13,1,706
708,Khởi nghiệp,1,7893558.052568053,24,73.17097918548447,11326,6,1.0,3164,1,0.0,0.0,299,4,0,707
709,Y tế,3,159434750.31593952,47,57.56927768538399,6467,8,0.0,206,0,1.0,1.0,315,7,1,708
710,Môi trường,0,107426097.29040882,67,74.94969381418949,7561,5,1.0,254,1,0.0,1.0,293,14,0,709
711,Giáo dục,2,114022150.78275472,84,61.72706416409407,3437,3,0.0,3093,2,0.0,0.0,293,10,0,710
712,Văn hóa,4,234087582.44610846,16,76.03327296179134,15974,0,0.0,4915,0,1.0,1.0,281,13,0,711
713,Y tế,3,111436950.7176561,106,41.298437719187184,14222,7,0.0,3269,1,0.0,0.0,270,11,0,712
714,Công nghệ,5,40499633.642894715,107,61.75830698423465,14398,5,1.0,4724,0,1.0,0.0,316,7,0,713
715,Văn hóa,4,104601396.74576065,85,57.78619971273686,3272,2,0.0,4266,2,0.0,0.0,325,12,1,714
716,Giáo dục,2,127570244.72571495,112,37.682181517917385,2795,5,0.0,1550,1,1.0,1.0,297,8,1,715
717,Văn hóa,4,133443298.60114238,55,30.730441042626232,15750,3,1.0,691,0,0.0,0.0,285,4,0,716
718,Công nghệ,5,139534633.73602554,100,75.71498070549323,13481,3,0.0,2881,2,1.0,0.0,295,7,1,717
719,Y tế,3,321144132.965704,89,54.98095235564044,1080,7,1.0,3178,1,1.0,1.0,308,10,0,718
720,Văn hóa,4,42638458.02884999,71,41.554394367053405,13460,1,1.0,3898,2,0.0,0.0,280,9,0,719
721,Y tế,3,141373436.53630677,27,60.076421261533355,19610,8,1.0,2700,1,0.0,0.0,294,6,1,720
722,Công nghệ,5,407451804.98990697,70,84.56037714698606,15162,1,1.0,4618,0,0.0,1.0,309,16,0,721
723,Khởi nghiệp,1,23025643.27692338,109,16.385243092561538,5914,3,1.0,4251,0,1.0,1.0,309,13,1,722
724,Giáo dục,2,141904428.00335675,119,32.06722620193347,6667,11,0.0,3012,0,1.0,1.0,255,14,1,723
725,Khởi nghiệp,1,68605991.1290636,58,43.54227116209465,15166,8,1.0,2846,1,0.0,0.0,278,10,0,724
726,Môi trường,0,84125907.61449519,35,91.22357733440657,8324,5,1.0,290,1,0.0,1.0,291,10,1,725
727,Y tế,3,50649143.1757508,92,67.65173965838594,14865,2,0.0,3948,1,1.0,0.0,276,15,0,726
728,Môi trường,0,101841355.28261618,15,77.34634480922453,19220,3,0.0,3467,1,1.0,0.0,277,6,0,727
729,Khởi nghiệp,1,500000000.0,24,39.19678161747539,8406,5,1.0,4501,1,1.0,0.0,284,6,0,728
730,Văn hóa,4,35991420.799027584,71,39.60928249458948,11682,5,0.0,646,5,0.0,0.0,292,8,1,729
731,Khởi nghiệp,1,39384011.705908895,119,70.9562743344542,10050,5,0.0,901,0,1.0,1.0,300,9,0,730
732,Công nghệ,5,34731657.82834269,44,63.16548661870893,10415,5,0.0,3421,0,1.0,1.0,303,4,0,731
733,Môi trường,0,500000000.0,57,72.97477637728252,1975,4,0.0,2548,6,0.0,0.0,311,4,1,732
734,Giáo dục,2,77112602.34799965,43,58.24658018143096,19743,1,1.0,3019,2,0.0,0.0,299,6,0,733
735,Môi trường,0,116761376.45900501,57,67.56287452909254,11044,3,0.0,2286,0,0.0,1.0,316,9,1,734
736,Môi trường,0,81601337.10975754,7,65.16238169810218,4976,8,1.0,3275,3,1.0,1.0,308,14,1,735
737,Văn hóa,4,48778405.64029361,74,77.55534778169852,11691,1,1.0,3360,0,0.0,0.0,299,7,1,736
738,Môi trường,0,95688328.11517872,74,78.14016563888941,8259,4,0.0,1108,3,1.0,0.0,293,9,0,737
739,Công nghệ,5,500000000.0,42,29.602560112164603,16527,3,1.0,3849,1,1.0,0.0,305,10,0,738
740,Y tế,3,448970335.1993363,37,17.054628893182887,15317,5,0.0,2569,0,1.0,0.0,300,10,0,739
741,Giáo dục,2,53207454.84165643,93,82.03490795303014,7951,4,1.0,2962,4,1.0,0.0,299,8,1,740
742,Công nghệ,5,221336648.74026632,28,85.75450186523872,14405,9,1.0,3166,2,0.0,0.0,306,3,0,741
743,Giáo dục,2,54301008.961082704,12,41.587539609733255,1145,7,0.0,3773,3,1.0,1.0,302,8,1,742
744,Giáo dục,2,22130133.46795632,11,24.80329186908743,19350,1,1.0,1641,2,0.0,0.0,273,6,1,743
745,Giáo dục,2,315142467.329975,107,63.98069642014402,10462,7,0.0,232,0,1.0,0.0,286,8,1,744
746,Y tế,3,360170541.7452672,48,80.61676452701059,13258,3,0.0,1071,2,1.0,0.0,317,13,1,745
747,Công nghệ,5,323189578.22343487,18,97.9518904486863,13079,3,1.0,4835,3,1.0,1.0,286,9,1,746
748,Y tế,3,76563269.80444217,107,72.32595144202902,6605,6,0.0,1268,1,1.0,0.0,298,5,1,747
749,Khởi nghiệp,1,102110186.98057169,23,54.5656660682861,13953,4,0.0,1396,4,0.0,0.0,295,8,0,748
750,Công nghệ,5,243902051.8878854,45,44.13738756830274,8254,8,0.0,4318,3,1.0,0.0,320,11,1,749
751,Y tế,3,173540443.7685668,9,62.22902583341309,13772,3,0.0,1331,2,1.0,1.0,282,1,0,750
752,Văn hóa,4,82313394.31371124,84,56.01470592229487,2249,3,1.0,2429,2,1.0,1.0,305,11,0,751
753,Giáo dục,2,25696921.864624646,86,41.698641885423676,3347,3,0.0,1978,1,0.0,0.0,304,7,1,752
754,Khởi nghiệp,1,133309151.26393081,93,100.0,18512,3,0.0,3373,0,0.0,0.0,306,7,1,753
755,Công nghệ,5,333468563.75548595,36,97.70336804144262,14849,8,0.0,3053,1,1.0,0.0,297,11,0,754
756,Văn hóa,4,38350998.6331964,44,84.72097367110857,3009,7,1.0,2671,2,0.0,1.0,298,10,1,755
757,Khởi nghiệp,1,219490917.741637,113,43.58299204381745,4668,10,0.0,2607,1,1.0,1.0,316,7,1,756
758,Công nghệ,5,163932384.37498873,100,79.10038648594558,11141,12,0.0,4203,2,1.0,0.0,298,6,1,757
759,Môi trường,0,243990744.47797784,11,74.79252818995803,614,2,0.0,2991,1,1.0,0.0,304,10,0,758
760,Công nghệ,5,273928237.9433891,85,70.85091248408106,8327,5,0.0,2640,2,0.0,1.0,317,13,0,759
761,Y tế,3,61852187.262994014,99,86.99330534087554,6868,1,1.0,4459,2,1.0,1.0,323,13,1,760
762,Y tế,3,25748542.19907633,70,74.70742285722555,3117,3,0.0,647,1,0.0,0.0,301,10,0,761
763,Môi trường,0,72070578.27042529,79,76.80028472608672,6346,3,0.0,4200,0,0.0,0.0,274,6,1,762
764,Khởi nghiệp,1,278428249.35209066,7,74.7381256674442,6213,2,1.0,1150,4,1.0,0.0,342,11,0,763
765,Văn hóa,4,71492012.75116587,10,68.81582816004212,1808,2,0.0,1792,1,0.0,1.0,288,3,1,764
766,Y tế,3,61876983.95976196,11,26.327777405716333,12854,5,0.0,263,1,0.0,1.0,272,7,1,765
767,Môi trường,0,21204355.680612747,25,63.67242154821115,5811,1,0.0,2942,1,0.0,1.0,292,12,0,766
768,Y tế,3,500000000.0,119,50.8761608230175,1109,8,0.0,4191,0,1.0,1.0,301,5,1,767
769,Văn hóa,4,262150142.18265644,79,36.40318084719959,931,2,1.0,2032,4,1.0,0.0,301,10,1,768
770,Khởi nghiệp,1,248611297.92601377,96,95.63633238601648,19336,13,1.0,3383,3,0.0,0.0,312,15,1,769
771,Văn hóa,4,300013825.7645846,40,96.57990681771406,2806,4,1.0,2086,2,0.0,0.0,305,5,1,770
772,Công nghệ,5,206926236.73865435,113,89.18441200591224,18227,5,1.0,3844,1,1.0,1.0,289,7,1,771
773,Giáo dục,2,94857619.91332139,29,67.10426833711749,3749,1,0.0,4993,2,0.0,0.0,338,11,0,772
774,Khởi nghiệp,1,102402747.48151508,109,89.01250241905313,2149,10,0.0,3632,1,1.0,0.0,300,12,1,773
775,Công nghệ,5,79702686.72248434,10,62.24106361203651,11137,8,0.0,1833,1,1.0,0.0,273,9,0,774
776,Công nghệ,5,500000000.0,9,66.05594553795558,17432,6,1.0,4157,2,1.0,1.0,299,9,0,775
777,Giáo dục,2,202878214.76962343,15,40.13057259076034,1895,1,1.0,382,0,1.0,1.0,322,5,0,776
778,Giáo dục,2,77005667.47772299,97,69.9398260899768,6907,6,0.0,4937,2,1.0,1.0,294,7,1,777
779,Công nghệ,5,186179521.48177478,36,63.20771856848834,15177,2,1.0,4229,2,1.0,0.0,313,14,0,778
780,Môi trường,0,45794498.786418,58,35.94695766331071,1816,9,1.0,3336,2,0.0,1.0,300,9,0,779
781,Khởi nghiệp,1,499581538.344572,60,60.97605776366806,3806,7,1.0,3179,0,0.0,1.0,284,4,0,780
782,Y tế,3,63845991.52963434,97,60.40540872286383,6469,5,1.0,1410,2,1.0,1.0,279,7,1,781
783,Y tế,3,192581723.83268702,46,97.9512233328928,16229,0,0.0,2270,0,0.0,1.0,294,7,1,782
784,Y tế,3,329365537.5202582,7,79.88426657026818,16273,2,0.0,686,0,1.0,1.0,328,9,0,783
785,Giáo dục,2,172434862.94261017,51,62.22890878182932,14333,7,0.0,1826,0,1.0,1.0,318,15,1,784
786,Công nghệ,5,130874118.56948636,39,66.97574619602166,13483,9,0.0,3030,0,1.0,0.0,293,8,1,785
787,Y tế,3,120874331.42717314,90,62.884247562083964,1009,8,1.0,1938,3,0.0,0.0,315,6,1,786
788,Y tế,3,113394217.73392731,92,57.941720304089046,5151,0,0.0,3899,0,0.0,0.0,313,8,0,787
789,Công nghệ,5,69174055.89785309,17,40.35145605223426,18473,6,0.0,4295,0,1.0,1.0,289,6,0,788
790,Môi trường,0,78060189.06170805,97,58.97896244786141,14523,8,0.0,2895,3,0.0,1.0,303,14,0,789
791,Văn hóa,4,487895038.1711858,15,47.078034866949736,5200,0,0.0,1836,0,1.0,0.0,305,6,0,790
792,Công nghệ,5,107918859.19291835,77,36.99368922153707,14302,5,0.0,1657,1,1.0,0.0,322,4,0,791
793,Y tế,3,56711838.8003035,51,72.22443629095069,14623,6,0.0,2824,0,1.0,1.0,324,4,1,792
794,Y tế,3,73259411.55362025,41,69.8252931986647,14985,4,1.0,3654,3,1.0,1.0,297,9,0,793
795,Giáo dục,2,340304766.68055964,62,26.26584977263844,19612,0,0.0,808,3,0.0,1.0,291,11,0,794
796,Khởi nghiệp,1,227310231.61323005,42,59.546307250097456,11042,4,0.0,2350,2,0.0,0.0,277,4,0,795
797,Y tế,3,203731339.2363023,97,81.91402771799847,1666,4,0.0,2314,2,1.0,1.0,301,4,1,796
798,Công nghệ,5,93676213.8852051,117,83.18447477792643,16469,5,0.0,1575,1,0.0,1.0,313,10,0,797
799,Giáo dục,2,206269545.89493346,100,82.51673685770477,791,3,1.0,1341,0,0.0,0.0,316,6,1,798
800,Môi trường,0,64916795.02326386,57,62.77826413802919,13006,4,1.0,4237,0,0.0,0.0,267,2,0,799
801,Giáo dục,2,93490152.72108975,64,45.09909344061698,16029,5,0.0,2275,3,0.0,1.0,308,12,0,800
802,Môi trường,0,300606982.3394383,57,40.32602345283879,2945,6,1.0,2967,2,1.0,0.0,305,10,0,801
803,Công nghệ,5,274527993.8555927,97,68.89209809500716,16048,4,1.0,383,0,0.0,0.0,283,6,0,802
804,Y tế,3,47071846.73209642,69,69.58560068730326,16299,4,0.0,1560,1,1.0,1.0,302,8,1,803
805,Khởi nghiệp,1,53076767.64896143,60,87.74662223210132,13250,5,0.0,1273,1,0.0,1.0,323,6,1,804
806,Y tế,3,132655625.35804419,53,83.99959300684168,6813,0,0.0,1777,0,1.0,0.0,315,9,0,805
807,Y tế,3,500000000.0,49,59.35542686937656,4438,6,1.0,4239,1,0.0,1.0,297,8,1,806
808,Y tế,3,19388934.86938167,70,37.11588242278261,14248,5,0.0,2943,1,1.0,0.0,280,5,0,807
809,Y tế,3,155851827.88409695,85,55.61786805978204,3561,5,0.0,4530,0,0.0,1.0,301,6,0,808
810,Công nghệ,5,32370524.692919217,56,66.34462389621049,13665,8,1.0,2230,0,1.0,0.0,317,10,0,809
811,Công nghệ,5,65488529.042780586,98,57.95833509221192,3806,0,1.0,3896,0,0.0,1.0,264,6,1,810
812,Khởi nghiệp,1,84629461.00955312,101,50.44211783844688,7050,0,1.0,970,1,0.0,1.0,321,14,0,811
813,Khởi nghiệp,1,80238746.02846654,55,67.05769629939797,10377,6,1.0,4113,1,0.0,0.0,311,11,1,812
814,Công nghệ,5,72051655.50566897,110,51.92084517178779,3652,5,0.0,3130,0,1.0,0.0,332,8,0,813
815,Y tế,3,120462216.69853796,26,49.43867832549252,15993,6,1.0,386,2,1.0,1.0,300,7,0,814
816,Môi trường,0,71951814.6309004,113,68.22905668606879,14051,4,0.0,3507,1,0.0,0.0,293,9,0,815
817,Y tế,3,29819272.910419233,40,53.96014839741591,818,7,0.0,2500,2,0.0,0.0,283,13,1,816
818,Môi trường,0,250978072.29281905,71,66.88208777956704,17055,8,1.0,200,1,1.0,0.0,325,4,1,817
819,Môi trường,0,244622939.07019153,39,67.46408045704246,14478,6,0.0,4265,0,1.0,1.0,321,8,0,818
820,Khởi nghiệp,1,266534858.6011179,57,39.21141997816851,16845,4,0.0,2776,1,0.0,0.0,269,16,0,819
821,Khởi nghiệp,1,27682257.114664458,45,52.37517752269176,12233,0,0.0,3111,0,1.0,0.0,292,6,0,820
822,Môi trường,0,158929655.64387196,87,90.75553879832924,12716,7,0.0,2970,2,1.0,1.0,314,9,1,821
823,Công nghệ,5,227390625.34077886,16,38.75840974531425,7979,9,0.0,634,0,1.0,0.0,295,9,1,822
824,Giáo dục,2,44918398.502431855,102,19.66691102058938,4934,7,0.0,1793,3,0.0,0.0,289,12,0,823
825,Y tế,3,120687435.74840806,110,24.76309693514977,5090,2,1.0,3568,1,0.0,0.0,308,10,1,824
826,Công nghệ,5,107129258.5254554,71,62.582198931533384,6666,7,1.0,1825,3,0.0,0.0,302,7,1,825
827,Công nghệ,5,500000000.0,69,62.61834556065398,6173,8,0.0,4464,0,1.0,0.0,302,8,1,826
828,Văn hóa,4,500000000.0,86,59.647782891497585,15215,10,0.0,1724,0,0.0,1.0,304,8,0,827
829,Khởi nghiệp,1,24614873.360135283,29,86.28379657857003,10724,2,1.0,2405,2,1.0,0.0,340,7,1,828
830,Văn hóa,4,500000000.0,92,8.54331133794124,8511,4,0.0,2337,3,1.0,1.0,325,8,0,829
831,Công nghệ,5,50150325.60154305,31,69.91867748861647,14642,7,0.0,290,4,1.0,0.0,274,7,0,830
832,Môi trường,0,303726939.2617588,84,93.22876403607147,14783,5,0.0,4097,1,0.0,0.0,283,8,1,831
833,Công nghệ,5,300805093.12271774,41,39.44438470216572,18730,2,0.0,851,4,0.0,0.0,311,8,0,832
834,Công nghệ,5,46459628.28402855,92,54.4038697642021,6534,6,0.0,2451,1,0.0,0.0,299,6,0,833
835,Công nghệ,5,191156764.16130954,97,46.94216165542758,5244,7,1.0,4557,3,1.0,1.0,271,7,1,834
836,Giáo dục,2,108021727.23397332,30,44.113079078449424,623,5,1.0,4969,0,1.0,0.0,292,9,0,835
837,Khởi nghiệp,1,202573532.97533494,77,55.4747598995392,3616,6,0.0,1305,2,0.0,0.0,303,9,0,836
838,Văn hóa,4,148952599.22073793,63,90.54970567369008,12268,4,0.0,2005,0,1.0,0.0,298,9,1,837
839,Y tế,3,372788767.8267541,40,98.7477335097504,16279,9,0.0,2915,0,0.0,1.0,286,10,0,838
840,Văn hóa,4,128524430.64616798,74,55.281215499197046,12217,2,0.0,3556,2,0.0,0.0,301,11,0,839
841,Khởi nghiệp,1,102003698.87230441,120,100.0,19838,3,1.0,1400,0,0.0,1.0,335,5,1,840
842,Khởi nghiệp,1,338915381.26692003,7,62.7115295396925,12737,5,0.0,2835,2,1.0,0.0,313,6,0,841
843,Công nghệ,5,207652416.7640871,116,97.07382053402162,17710,8,1.0,4204,3,0.0,0.0,296,3,1,842
844,Y tế,3,239777681.42518553,104,60.13402700693017,5729,1,0.0,3858,0,0.0,1.0,318,7,1,843
845,Công nghệ,5,63632993.616647705,67,64.62115652092288,6816,1,0.0,4145,0,1.0,0.0,291,10,1,844
846,Công nghệ,5,44322382.586164504,76,69.3094894528567,16315,0,0.0,4464,0,1.0,0.0,313,8,1,845
847,Giáo dục,2,69766461.91308986,49,100.0,13387,5,0.0,4334,0,0.0,1.0,297,5,0,846
848,Khởi nghiệp,1,66334433.784786046,21,79.02571149689578,10005,2,1.0,2656,1,0.0,0.0,329,10,0,847
849,Công nghệ,5,252491793.51485878,72,47.85470940097073,19136,4,1.0,4876,1,1.0,0.0,317,6,0,848
850,Văn hóa,4,302376911.2836072,100,81.37995740551716,15366,7,0.0,2573,1,0.0,0.0,271,6,0,849
851,Y tế,3,103246121.50092977,33,54.76334925831317,6260,3,0.0,3605,4,0.0,0.0,305,5,1,850
852,Công nghệ,5,465849448.4443741,88,52.204996341975814,12416,6,1.0,4725,0,1.0,1.0,301,5,0,851
853,Khởi nghiệp,1,439015783.66716486,92,80.17202719784223,8222,4,1.0,407,3,0.0,0.0,321,9,0,852
854,Giáo dục,2,150764408.92266852,93,62.62171175542306,8613,7,0.0,4681,0,1.0,1.0,301,6,1,853
855,Môi trường,0,54800113.16846652,45,67.57151829023613,16198,6,0.0,4144,1,0.0,1.0,284,13,1,854
856,Giáo dục,2,500000000.0,51,62.27970443730585,13752,3,0.0,4985,3,0.0,1.0,297,6,1,855
857,Giáo dục,2,112902313.05150664,54,68.7316625321087,740,4,0.0,3909,3,0.0,1.0,279,8,1,856
858,Giáo dục,2,134874724.18992415,104,70.49931794872299,11712,8,0.0,951,1,0.0,1.0,286,7,1,857
859,Môi trường,0,86648930.0132295,109,23.26066134589169,13116,6,0.0,1649,2,0.0,1.0,313,10,0,858
860,Văn hóa,4,51376898.81588961,54,75.33145337219067,10458,1,0.0,217,2,0.0,0.0,297,8,1,859
861,Giáo dục,2,29644659.26460703,117,42.35961160339399,6349,7,0.0,3117,0,1.0,0.0,281,4,1,860
862,Giáo dục,2,218265966.5962886,72,33.15401728881177,13146,2,0.0,2299,2,1.0,1.0,278,5,0,861
863,Công nghệ,5,56841030.9508198,50,60.83177512282635,18979,9,1.0,2478,4,0.0,0.0,304,10,0,862
864,Giáo dục,2,500000000.0,7,63.67962006628908,2175,8,0.0,3720,2,1.0,1.0,315,12,1,863
865,Công nghệ,5,42636877.10517334,76,48.129876708554384,12256,6,0.0,4137,2,1.0,0.0,302,9,0,864
866,Khởi nghiệp,1,36233209.60918894,80,78.6206371533595,18250,5,0.0,549,2,1.0,1.0,314,7,1,865
867,Công nghệ,5,194245188.99615657,117,35.15649667258186,8309,4,0.0,4601,0,0.0,0.0,298,8,0,866
868,Công nghệ,5,500000000.0,88,53.86112502454882,7034,7,1.0,1993,2,0.0,1.0,329,5,0,867
869,Văn hóa,4,127211316.88011418,10,50.30251730133999,5328,4,0.0,3809,0,0.0,0.0,291,5,0,868
870,Công nghệ,5,206050182.03058678,71,61.06825459321321,4881,6,0.0,2991,0,0.0,0.0,285,9,0,869
871,Văn hóa,4,20761896.24587858,91,67.57728569294477,8126,8,1.0,2330,5,0.0,1.0,286,10,1,870
872,Y tế,3,62856444.88094446,63,41.84214100752911,15550,3,1.0,1220,1,1.0,1.0,305,7,1,871
873,Văn hóa,4,43144480.68379268,55,76.48565354912456,4044,3,1.0,1110,0,1.0,1.0,275,6,1,872
874,Công nghệ,5,19770598.000195593,99,63.260047366693996,5008,1,0.0,3709,3,0.0,1.0,316,10,0,873
875,Y tế,3,133702965.53238302,76,24.16107493376179,19976,2,0.0,1742,0,0.0,0.0,333,7,0,874
876,Văn hóa,4,14207971.800785257,84,22.82817119205938,19917,0,1.0,1301,0,0.0,1.0,284,13,0,875
877,Môi trường,0,34069524.47401159,59,61.75361414141378,4924,7,0.0,227,3,0.0,0.0,310,9,0,876
878,Công nghệ,5,71819450.50189874,38,57.58065364427292,8699,10,1.0,4235,1,1.0,0.0,310,2,1,877
879,Văn hóa,4,54313232.944344245,66,59.93159772850733,8369,9,1.0,2098,0,0.0,0.0,287,9,1,878
880,Môi trường,0,174352222.2811421,116,61.440350869395644,6284,0,0.0,1871,2,1.0,0.0,306,6,0,879
881,Khởi nghiệp,1,159938701.20280147,75,66.51119679020361,3480,7,0.0,1984,1,1.0,0.0,285,3,0,880
882,Khởi nghiệp,1,279666619.9274665,87,80.952992196966,1710,9,0.0,3073,4,1.0,1.0,314,4,1,881
883,Khởi nghiệp,1,244509457.24677157,21,39.77790198164884,12468,4,0.0,2513,0,1.0,0.0,267,6,0,882
884,Công nghệ,5,353633685.9525954,119,38.560568141984106,1315,5,1.0,2811,3,1.0,1.0,318,7,1,883
885,Giáo dục,2,119422420.7764022,34,40.13352284225235,12608,0,1.0,1533,4,0.0,0.0,301,6,0,884
886,Giáo dục,2,159617926.12886664,117,67.77833334337414,2355,6,0.0,1622,0,0.0,0.0,277,7,1,885
887,Văn hóa,4,194499085.03534153,57,86.8989475729289,3510,2,1.0,4341,1,1.0,1.0,291,11,1,886
888,Giáo dục,2,136874343.54721767,111,53.373211235209794,598,6,0.0,2307,2,0.0,0.0,298,4,0,887
889,Công nghệ,5,82035727.00950477,108,11.96600311680691,8257,0,1.0,4870,0,1.0,0.0,293,10,0,888
890,Văn hóa,4,87240531.56187662,93,27.92014274779249,6878,7,0.0,4260,2,0.0,1.0,296,14,1,889
891,Khởi nghiệp,1,55026174.037465334,111,45.339265544079765,6979,8,1.0,3616,1,0.0,0.0,267,7,1,890
892,Y tế,3,178577991.05076623,76,50.84542225009571,6553,3,1.0,2832,1,0.0,0.0,283,7,0,891
893,Giáo dục,2,109417958.02510908,103,53.83222745490547,18796,2,0.0,4219,1,1.0,1.0,302,8,1,892
894,Giáo dục,2,63718463.97711785,26,62.77162245961834,8886,0,0.0,466,1,0.0,0.0,287,7,0,893
895,Công nghệ,5,63774719.368263654,15,55.765073383551055,16280,4,1.0,2595,1,0.0,1.0,285,6,1,894
896,Giáo dục,2,37887098.70750606,68,82.98679221086815,5041,3,0.0,3622,0,0.0,1.0,320,11,1,895
897,Môi trường,0,303198806.13502306,99,48.479653886372624,9921,0,1.0,719,0,1.0,0.0,303,14,0,896
898,Giáo dục,2,128917959.35999501,94,44.75364081048914,1723,6,1.0,1075,1,1.0,0.0,282,8,1,897
899,Y tế,3,52711277.314452015,67,71.57751077040923,5542,4,1.0,513,1,0.0,0.0,300,9,1,898
900,Môi trường,0,257909772.34376392,66,31.287158601477614,1887,2,0.0,2533,0,1.0,1.0,273,7,0,899
901,Văn hóa,4,70250194.20760292,76,69.79383410640004,903,3,0.0,2799,2,0.0,0.0,300,4,0,900
902,Khởi nghiệp,1,31447322.562485583,105,64.05106367452534,4051,8,1.0,2448,0,1.0,1.0,316,4,1,901
903,Môi trường,0,315655243.6151248,102,59.05115020163665,3599,7,0.0,463,0,0.0,0.0,335,6,0,902
904,Y tế,3,71826055.6257126,19,93.76552214298525,6673,5,0.0,2535,1,0.0,1.0,291,6,1,903
905,Môi trường,0,81128580.23177673,74,49.55585109410564,15000,7,0.0,4462,0,1.0,0.0,320,10,0,904
906,Văn hóa,4,124413470.89346677,50,100.0,3385,2,1.0,348,4,1.0,0.0,295,9,1,905
907,Môi trường,0,354230986.18246865,98,57.49137101543801,12408,5,0.0,3924,1,0.0,0.0,271,9,0,906
908,Giáo dục,2,121939481.49747425,64,36.459671100595436,7619,5,0.0,1507,1,1.0,0.0,301,11,0,907
909,Môi trường,0,38295338.254956156,120,63.39839161989651,8353,4,0.0,558,0,1.0,1.0,303,8,1,908
910,Giáo dục,2,200571861.8887885,56,40.475095993624635,18483,6,1.0,443,1,0.0,0.0,346,7,0,909
911,Công nghệ,5,75471054.90366054,84,46.96488304373,9565,3,0.0,261,0,1.0,0.0,315,14,1,910
912,Y tế,3,500000000.0,19,69.94066600030982,5601,7,1.0,2191,1,1.0,0.0,312,7,1,911
913,Y tế,3,119513066.21883969,113,73.1116417730025,5142,7,1.0,2590,0,0.0,0.0,288,10,1,912
914,Môi trường,0,14313536.802383564,24,49.55664599491484,3783,0,1.0,3182,1,1.0,1.0,324,8,1,913
915,Khởi nghiệp,1,168003727.31964734,50,81.74810290092802,16139,9,1.0,589,0,0.0,1.0,307,7,1,914
916,Giáo dục,2,500000000.0,102,85.15015516042268,13463,0,0.0,3339,0,1.0,1.0,295,6,0,915
917,Y tế,3,500000000.0,117,90.72603513126582,5720,3,1.0,3750,4,0.0,0.0,311,9,0,916
918,Khởi nghiệp,1,500000000.0,62,72.58826814251444,10072,8,0.0,509,3,0.0,0.0,269,4,1,917
919,Công nghệ,5,45409315.259302616,62,89.26857424171398,10355,4,1.0,3440,3,1.0,1.0,302,10,1,918
920,Y tế,3,284585637.32840914,12,24.384031440518847,1421,1,0.0,770,3,1.0,0.0,305,3,0,919
921,Khởi nghiệp,1,60255546.68443542,118,55.64186902743075,18219,2,1.0,2308,2,1.0,1.0,319,9,1,920
922,Môi trường,0,148052119.63728264,8,44.65989487353147,15862,8,1.0,3375,0,1.0,0.0,344,5,0,921
923,Y tế,3,35701211.89089099,9,64.38451722254784,10940,0,0.0,4380,0,0.0,0.0,328,10,0,922
924,Giáo dục,2,64861645.16350017,60,50.57101561606525,14449,8,1.0,2749,3,0.0,1.0,322,8,0,923
925,Văn hóa,4,62932018.95273704,7,58.67684316100535,2628,5,0.0,2289,1,0.0,0.0,320,8,0,924
926,Y tế,3,280933211.10187614,25,99.64349760408099,19557,1,0.0,4200,5,0.0,1.0,291,6,1,925
927,Y tế,3,255998761.76743296,78,58.60560407159243,12987,3,0.0,1237,1,0.0,0.0,307,6,0,926
928,Công nghệ,5,155627944.09195882,87,70.27584634380428,18796,2,0.0,1184,4,1.0,0.0,315,8,0,927
929,Y tế,3,33168117.388051294,40,57.354613401515294,17352,8,0.0,2438,1,1.0,0.0,307,9,0,928
930,Văn hóa,4,88981811.15344264,97,63.51426575913668,11892,7,1.0,777,3,0.0,0.0,296,3,1,929
931,Giáo dục,2,58890440.868894935,76,62.12033360872143,6122,0,0.0,306,4,0.0,0.0,305,16,1,930
932,Công nghệ,5,273330424.89225745,33,70.96648131946318,13877,4,0.0,1937,0,1.0,0.0,300,7,0,931
933,Giáo dục,2,366414443.557261,88,85.30615071094354,10488,2,1.0,932,0,0.0,1.0,313,16,0,932
934,Văn hóa,4,326377846.5721906,74,94.94787995206659,8485,9,1.0,3257,0,0.0,1.0,324,8,1,933
935,Công nghệ,5,58383364.42913233,99,68.19240163818334,14372,1,0.0,2833,0,0.0,0.0,300,3,0,934
936,Giáo dục,2,8863422.49247946,24,73.79093772071204,17825,10,1.0,2532,2,0.0,0.0,318,5,0,935
937,Môi trường,0,22328762.348499227,33,38.98270981628866,3841,5,0.0,2582,1,0.0,0.0,320,8,0,936
938,Khởi nghiệp,1,461755288.05337334,41,60.24246515168759,11279,2,0.0,673,1,1.0,1.0,323,5,0,937
939,Khởi nghiệp,1,81719875.76383214,45,80.80578929767178,15679,3,0.0,2132,2,0.0,0.0,320,9,0,938
940,Môi trường,0,58633197.984799415,108,79.31937276834307,6848,3,1.0,542,0,1.0,0.0,305,10,0,939
941,Y tế,3,500000000.0,90,66.232194655901,7167,1,0.0,1903,3,1.0,0.0,296,8,1,940
942,Khởi nghiệp,1,397975875.94729644,69,79.72787919135905,685,5,0.0,3452,1,1.0,0.0,272,8,1,941
943,Môi trường,0,122451585.05955073,68,71.81533417987637,6800,1,1.0,4934,2,0.0,0.0,306,9,0,942
944,Môi trường,0,90536809.7450489,107,86.00612516518643,11935,0,0.0,1625,2,0.0,0.0,253,6,0,943
945,Khởi nghiệp,1,105529790.75324011,57,67.78718313914223,19444,4,0.0,1467,3,0.0,1.0,326,10,0,944
946,Giáo dục,2,148456813.9065772,32,54.8860336885793,10745,0,1.0,3413,1,0.0,0.0,275,4,0,945
947,Công nghệ,5,500000000.0,22,68.71682513866047,6170,3,1.0,4605,0,0.0,0.0,280,7,0,946
948,Văn hóa,4,178722351.92424425,44,3.3881124829444857,16331,2,0.0,1615,1,1.0,0.0,312,10,0,947
949,Văn hóa,4,238463682.3384645,81,69.65771472770099,4160,2,0.0,4222,2,0.0,0.0,307,6,1,948
950,Văn hóa,4,363324380.5823251,60,0.0,4146,11,1.0,1711,0,0.0,0.0,291,9,0,949
951,Văn hóa,4,39381542.46020119,55,27.530731851891638,10664,5,0.0,3268,1,0.0,0.0,296,7,0,950
952,Khởi nghiệp,1,245085772.19914576,61,71.03537201881969,16400,6,0.0,1207,1,1.0,0.0,303,3,0,951
953,Môi trường,0,90436606.54662076,118,71.5505867453359,4642,0,0.0,1457,0,1.0,1.0,317,14,1,952
954,Y tế,3,10959416.116421241,120,38.75142439720139,798,3,0.0,4921,2,1.0,0.0,295,8,0,953
955,Môi trường,0,15843009.739587039,25,47.75795916242122,14611,6,1.0,2067,0,1.0,1.0,298,6,1,954
956,Khởi nghiệp,1,45480229.32031811,20,89.41081977228264,11952,2,0.0,277,1,1.0,0.0,312,7,1,955
957,Văn hóa,4,198175204.21457985,34,52.319397368546475,13873,8,0.0,3906,0,1.0,0.0,287,4,0,956
958,Y tế,3,133299573.69719718,104,100.0,8238,1,0.0,810,3,0.0,1.0,294,9,1,957
959,Văn hóa,4,142542159.7509241,59,61.96160293647308,2809,4,0.0,731,1,1.0,1.0,317,8,1,958
960,Y tế,3,500000000.0,105,70.16072353762533,6964,3,0.0,4214,1,1.0,0.0,319,11,0,959
961,Y tế,3,35832464.35039506,80,94.33748796997216,9660,5,1.0,1873,0,0.0,1.0,290,7,0,960
962,Khởi nghiệp,1,116562516.98584479,70,64.62054232386839,8949,3,1.0,863,2,1.0,0.0,281,11,1,961
963,Khởi nghiệp,1,159764872.69060943,39,41.953120386183976,17836,4,0.0,4883,3,0.0,0.0,294,13,0,962
964,Khởi nghiệp,1,59443719.92597289,46,59.8054509661142,4860,4,0.0,1547,2,1.0,1.0,270,6,1,963
965,Văn hóa,4,122903543.66273966,23,61.28778527619818,6580,3,0.0,3238,2,0.0,1.0,323,9,0,964
966,Công nghệ,5,26168007.44269093,66,34.70516695596869,4076,6,0.0,1461,2,1.0,0.0,303,5,0,965
967,Môi trường,0,456642289.67109305,38,56.883358573183536,11628,6,0.0,2989,0,1.0,1.0,301,7,0,966
968,Y tế,3,62611916.35705057,40,47.156158120051266,16199,5,0.0,3545,0,0.0,0.0,300,10,0,967
969,Giáo dục,2,500000000.0,11,80.48715514374868,17722,4,1.0,3837,1,0.0,0.0,295,5,0,968
970,Y tế,3,116005642.74934211,98,62.692237483705114,4941,7,1.0,2173,0,0.0,1.0,314,8,0,969
971,Khởi nghiệp,1,317710416.8832611,114,56.3440850170486,8880,4,0.0,3156,0,0.0,0.0,326,7,1,970
972,Môi trường,0,113732786.22553478,63,59.87636138754848,14870,4,1.0,4234,0,1.0,0.0,308,10,1,971
973,Khởi nghiệp,1,116196509.0524018,68,66.46244036812332,1394,5,0.0,4233,0,0.0,0.0,295,11,1,972
974,Khởi nghiệp,1,68693980.51186468,112,74.3362839937956,14371,10,0.0,3787,1,0.0,0.0,285,14,1,973
975,Môi trường,0,133975530.48213351,65,42.005755426612374,3120,1,1.0,2118,1,0.0,0.0,291,3,0,974
976,Giáo dục,2,161836764.66779208,77,41.168247347574564,1151,7,0.0,2749,0,1.0,1.0,271,11,1,975
977,Văn hóa,4,56794748.10808419,55,84.0935843080506,2704,0,0.0,4844,1,0.0,1.0,344,6,0,976
978,Công nghệ,5,106239634.6668414,65,53.75326255590539,17680,6,1.0,1395,1,1.0,1.0,312,10,1,977
979,Y tế,3,67013595.67189713,66,33.66315814806252,13777,10,0.0,3524,3,0.0,0.0,275,6,1,978
980,Khởi nghiệp,1,500000000.0,88,70.8762541876621,15892,6,1.0,4003,1,0.0,0.0,295,12,1,979
981,Giáo dục,2,109864216.80492061,75,71.26739612065374,13957,6,0.0,2507,2,1.0,0.0,300,11,1,980
982,Khởi nghiệp,1,500000000.0,64,31.38569485486587,16023,3,1.0,4356,2,0.0,0.0,287,9,1,981
983,Khởi nghiệp,1,99349926.3588863,15,66.58963430927213,10182,5,0.0,2255,0,1.0,0.0,312,7,1,982
984,Công nghệ,5,153057352.10206443,110,76.71166184856747,16279,4,0.0,4214,1,0.0,1.0,280,7,0,983
985,Y tế,3,34096460.25193323,108,69.48772903412527,1603,3,0.0,3292,0,1.0,1.0,315,8,1,984
986,Giáo dục,2,78239174.88802522,28,74.63962967522791,11859,4,1.0,448,1,1.0,0.0,277,2,0,985
987,Giáo dục,2,146130108.54525077,40,33.91461803818502,15223,6,0.0,4152,0,1.0,0.0,305,9,0,986
988,Khởi nghiệp,1,500000000.0,117,68.62080309992392,19870,3,1.0,3550,2,0.0,1.0,332,10,1,987
989,Giáo dục,2,147728049.6067622,43,55.947604810591066,7501,3,0.0,1267,0,1.0,0.0,310,8,1,988
990,Y tế,3,445422729.4959656,99,52.344196825507105,3993,1,0.0,3578,1,1.0,1.0,270,9,1,989
991,Công nghệ,5,219902022.90630066,96,79.41111218839453,14544,6,0.0,2655,2,0.0,0.0,293,7,1,990
992,Giáo dục,2,500000000.0,105,91.5854902134846,1910,7,0.0,4726,3,0.0,0.0,276,4,1,991
993,Khởi nghiệp,1,113114359.2362433,8,97.88740109200718,15643,6,1.0,1662,0,1.0,0.0,315,10,0,992
994,Công nghệ,5,500000000.0,62,88.2961574301181,14231,8,0.0,1464,1,0.0,1.0,322,8,0,993
995,Khởi nghiệp,1,75441917.02582926,71,59.80531636739633,13975,5,1.0,480,1,1.0,0.0,294,5,0,994
996,Môi trường,0,57763130.963540375,102,69.05440326052687,6231,6,0.0,3974,4,1.0,1.0,330,12,0,995
997,Y tế,3,37899549.854623966,32,77.33645743568488,2844,6,0.0,4928,0,0.0,0.0,305,5,0,996
998,Văn hóa,4,500000000.0,41,64.42355898598925,12360,5,0.0,3507,0,1.0,0.0,313,2,1,997
999,Khởi nghiệp,1,260594259.39234456,27,64.61528375823089,7574,3,1.0,1972,6,1.0,1.0,309,3,1,998
1000,Khởi nghiệp,1,87101555.74758059,93,78.47506263752365,8138,12,1.0,4417,1,0.0,0.0,287,10,1,999
